timestamp,hour,day,month,year,weekday,is_weekend,season,temperature,feels_like,temp_min,temp_max,pressure,humidity,visibility,wind_speed,wind_deg,clouds,weather_main,weather_description,city_name,country,temp_range,pollutant_aqi,pollutant_co,pollutant_no,pollutant_no2,pollutant_o3,pollutant_so2,pollutant_pm2_5,pollutant_pm10,pollutant_nh3,pollutant_pm_ratio,pollutant_nox_total,pollutant_aqi_category,pollutant_aqi_change_rate,pollutant_pm2_5_change_rate,aqi,co,no,no2,o3,so2,pm2_5,pm10,nh3,pm_ratio,nox_total,aqi_category,aqi_change_rate,pm2_5_change_rate,iso_date,lat,lon
2024-10-21 12:00:00+00:00,12,21,10,2024,0,0.0,autumn,29.4,33.0,25.0,35.3,1010.7,71.0,10000.0,26.5,272,3,Clear,open-meteo historical data,,,10.299999999999995,125.0,707.63,2.24,30.85,58.65,5.3,32.14,77.65,5.0,0.414,33.09,Moderate,0.0,0.0,,,,,,,,,,,,,,,,,
2024-10-22 12:00:00+00:00,12,22,10,2024,1,0.0,autumn,29.8,32.6,24.7,36.3,1011.6,66.0,10000.0,29.4,288,0,Clear,open-meteo historical data,,,11.599999999999998,125.0,500.68,1.19,18.85,80.82,3.99,30.4,85.95,3.04,0.354,20.04,Moderate,0.0,-5.41,,,,,,,,,,,,,,,,,
2024-10-23 12:00:00+00:00,12,23,10,2024,2,0.0,autumn,29.3,33.0,25.0,34.9,1012.2,72.0,10000.0,25.6,282,6,Clear,open-meteo historical data,,,9.9,125.0,627.52,1.08,24.33,76.53,5.48,46.22,96.78,4.18,0.478,25.41,Moderate,0.0,52.04,,,,,,,,,,,,,,,,,
2024-10-24 12:00:00+00:00,12,24,10,2024,3,0.0,autumn,30.1,32.1,23.7,36.6,1012.0,56.0,10000.0,23.2,284,8,Clear,open-meteo historical data,,,12.900000000000002,125.0,1094.82,3.55,49.35,52.21,6.74,47.25,91.86,7.98,0.514,52.9,Moderate,0.0,2.23,,,,,,,,,,,,,,,,,
2024-10-25 12:00:00+00:00,12,25,10,2024,4,0.0,autumn,30.7,32.8,25.0,37.9,1011.3,60.0,10000.0,21.3,284,28,Clear,open-meteo historical data,,,12.9,125.0,894.55,3.05,40.44,62.23,5.25,35.7,77.54,6.33,0.46,43.49,Moderate,0.0,-24.44,,,,,,,,,,,,,,,,,
2024-10-26 12:00:00+00:00,12,26,10,2024,5,1.0,autumn,30.1,33.5,26.2,35.7,1010.2,68.0,10000.0,23.0,277,7,Clear,open-meteo historical data,,,9.500000000000004,125.0,734.33,4.25,26.39,56.51,3.87,27.47,78.42,4.75,0.35,30.64,Moderate,0.0,-23.05,,,,,,,,,,,,,,,,,
2024-10-27 12:00:00+00:00,12,27,10,2024,6,1.0,autumn,29.9,34.0,24.6,36.4,1008.1,70.0,10000.0,20.1,261,11,Clear,open-meteo historical data,,,11.799999999999995,175.0,1054.76,5.53,45.93,36.12,5.66,47.69,130.66,7.92,0.365,51.46,Poor,33.33,73.61,,,,,,,,,,,,,,,,,
2024-10-28 12:00:00+00:00,12,28,10,2024,0,0.0,autumn,29.3,34.3,25.1,34.5,1006.7,79.0,10000.0,19.9,244,2,Clear,open-meteo historical data,,,9.4,275.0,1121.52,5.92,48.67,44.35,9.3,79.03,206.14,8.99,0.383,54.59,Very Poor,25.0,65.72,,,,,,,,,,,,,,,,,
2024-10-29 12:00:00+00:00,12,29,10,2024,1,0.0,autumn,28.6,33.4,25.5,32.7,1008.4,81.0,10000.0,22.1,247,8,Clear,open-meteo historical data,,,7.200000000000003,275.0,894.55,3.46,39.76,63.66,12.28,70.71,209.73,6.14,0.337,43.22,Very Poor,0.0,-10.53,,,,,,,,,,,,,,,,,
2024-10-30 12:00:00+00:00,12,30,10,2024,2,0.0,autumn,28.2,32.9,25.5,32.2,1010.6,83.0,10000.0,23.9,260,20,Clear,open-meteo historical data,,,6.700000000000003,275.0,580.79,1.79,22.62,70.1,3.78,63.68,215.06,3.67,0.296,24.41,Very Poor,0.0,-9.94,,,,,,,,,,,,,,,,,
2024-10-31 12:00:00+00:00,12,31,10,2024,3,0.0,autumn,28.1,32.4,24.3,33.4,1012.7,79.0,10000.0,18.6,279,23,Clear,open-meteo historical data,,,9.099999999999998,175.0,827.79,4.02,37.01,46.49,5.72,57.72,183.62,6.27,0.314,41.03,Poor,-20.0,-9.36,,,,,,,,,,,,,,,,,
2024-11-01 12:00:00+00:00,12,1,11,2024,4,0.0,autumn,28.8,32.0,24.3,34.5,1013.3,71.0,10000.0,21.2,275,12,Clear,open-meteo historical data,,,10.2,175.0,694.27,2.1,27.76,65.09,5.6,45.89,136.52,5.64,0.336,29.86,Poor,0.0,-20.5,,,,,,,,,,,,,,,,,
2024-11-02 12:00:00+00:00,12,2,11,2024,5,1.0,autumn,28.2,32.5,25.1,32.2,1012.4,80.0,10000.0,20.4,250,10,Clear,open-meteo historical data,,,7.100000000000001,175.0,587.46,1.49,20.73,79.39,3.7,34.5,100.69,3.89,0.343,22.22,Poor,0.0,-24.82,,,,,,,,,,,,,,,,,
2024-11-03 12:00:00+00:00,12,3,11,2024,6,1.0,autumn,27.1,31.9,23.5,31.6,1013.0,83.0,10000.0,16.3,237,33,Clear,open-meteo historical data,,,8.100000000000001,125.0,1001.36,5.76,41.81,43.63,6.62,38.9,86.02,9.25,0.452,47.57,Moderate,-25.0,12.75,,,,,,,,,,,,,,,,,
2024-11-04 12:00:00+00:00,12,4,11,2024,0,0.0,autumn,27.4,30.8,23.7,32.9,1012.5,74.0,10000.0,19.9,266,11,Clear,open-meteo historical data,,,9.2,175.0,1148.22,5.03,50.04,52.93,7.99,48.96,110.73,11.27,0.442,55.07,Poor,33.33,25.86,,,,,,,,,,,,,,,,,
2024-11-05 12:00:00+00:00,12,5,11,2024,1,0.0,autumn,27.2,30.2,22.7,33.1,1013.9,71.0,10000.0,17.0,287,12,Clear,open-meteo historical data,,,10.400000000000002,125.0,487.33,0.89,16.62,82.25,6.79,34.95,67.95,3.58,0.514,17.51,Moderate,-25.0,-28.62,,,,,,,,,,,,,,,,,
2024-11-06 12:00:00+00:00,12,6,11,2024,2,0.0,autumn,27.6,30.7,22.8,34.1,1015.0,72.0,10000.0,20.3,287,0,Clear,open-meteo historical data,,,11.3,125.0,520.71,0.82,16.79,87.98,6.85,34.91,58.67,3.77,0.595,17.61,Moderate,0.0,-0.11,,,,,,,,,,,,,,,,,
2024-11-07 12:00:00+00:00,12,7,11,2024,3,0.0,autumn,28.0,32.2,23.7,31.8,1013.7,80.0,10000.0,22.0,260,10,Clear,open-meteo historical data,,,8.100000000000001,125.0,427.25,0.91,13.54,70.81,4.11,29.0,73.52,2.44,0.394,14.45,Moderate,0.0,-16.93,,,,,,,,,,,,,,,,,
2024-11-08 12:00:00+00:00,12,8,11,2024,4,0.0,autumn,27.9,31.9,24.6,31.8,1013.2,78.0,10000.0,20.1,249,15,Clear,open-meteo historical data,,,7.199999999999999,125.0,460.62,1.06,15.25,70.81,4.47,25.61,59.72,2.94,0.429,16.31,Moderate,0.0,-11.69,,,,,,,,,,,,,,,,,
2024-11-09 12:00:00+00:00,12,9,11,2024,5,1.0,autumn,27.2,31.0,24.2,31.1,1013.9,78.0,10000.0,19.4,258,14,Clear,open-meteo historical data,,,6.900000000000002,125.0,387.19,0.72,10.37,71.53,3.34,25.38,58.18,2.01,0.436,11.09,Moderate,0.0,-0.9,,,,,,,,,,,,,,,,,
2024-11-10 12:00:00+00:00,12,10,11,2024,6,1.0,autumn,27.2,30.8,23.7,31.3,1014.4,77.0,10000.0,20.7,270,6,Clear,open-meteo historical data,,,7.600000000000001,125.0,363.83,0.63,9.68,71.53,3.13,29.74,85.77,1.71,0.347,10.31,Moderate,0.0,17.18,,,,,,,,,,,,,,,,,
2024-11-11 12:00:00+00:00,12,11,11,2024,0,0.0,autumn,27.2,30.9,23.2,31.3,1013.6,78.0,10000.0,20.1,257,15,Clear,open-meteo historical data,,,8.100000000000001,175.0,440.6,0.96,14.57,68.66,4.47,45.51,142.64,2.91,0.319,15.53,Poor,33.33,53.03,,,,,,,,,,,,,,,,,
2024-11-12 12:00:00+00:00,12,12,11,2024,1,0.0,autumn,27.4,31.5,24.2,31.1,1012.9,75.0,10000.0,17.7,232,10,Clear,open-meteo historical data,,,6.900000000000002,175.0,487.33,1.17,17.31,65.09,5.25,50.72,152.31,3.58,0.333,18.48,Poor,0.0,11.45,,,,,,,,,,,,,,,,,
2024-11-13 12:00:00+00:00,12,13,11,2024,2,0.0,autumn,26.9,29.8,23.0,31.6,1012.0,67.0,10000.0,10.6,275,0,Clear,open-meteo historical data,,,8.600000000000001,175.0,1068.12,5.2,47.3,40.41,8.23,70.71,164.86,10.39,0.429,52.5,Poor,0.0,39.41,,,,,,,,,,,,,,,,,
2024-11-14 12:00:00+00:00,12,14,11,2024,3,0.0,autumn,26.8,28.4,22.9,31.7,1013.2,58.0,10000.0,10.7,302,0,Clear,open-meteo historical data,,,8.8,125.0,417.23,0.38,11.48,110.15,6.2,37.02,62.05,2.69,0.597,11.86,Moderate,-25.0,-47.65,,,,,,,,,,,,,,,,,
2024-11-15 12:00:00+00:00,12,15,11,2024,4,0.0,autumn,26.9,28.1,22.7,32.1,1013.6,55.0,10000.0,10.6,310,0,Clear,open-meteo historical data,,,9.400000000000002,125.0,413.89,0.41,10.88,104.43,5.84,35.44,60.47,2.53,0.586,11.29,Moderate,0.0,-4.27,,,,,,,,,,,,,,,,,
2024-11-16 12:00:00+00:00,12,16,11,2024,5,1.0,autumn,26.7,29.5,22.4,31.4,1013.1,67.0,10000.0,12.4,288,6,Clear,open-meteo historical data,,,9.0,125.0,520.71,1.05,19.19,81.54,6.38,35.37,97.07,3.77,0.364,20.24,Moderate,0.0,-0.2,,,,,,,,,,,,,,,,,
2024-11-17 12:00:00+00:00,12,17,11,2024,6,1.0,autumn,26.7,29.5,22.6,31.8,1013.5,68.0,10000.0,14.9,311,8,Clear,open-meteo historical data,,,9.2,275.0,934.6,0.38,34.27,151.63,10.01,85.99,149.41,6.71,0.576,34.65,Very Poor,66.67,143.12,,,,,,,,,,,,,,,,,
2024-11-18 12:00:00+00:00,12,18,11,2024,0,0.0,autumn,27.2,28.3,23.1,32.3,1014.7,53.0,10000.0,17.1,334,1,Clear,open-meteo historical data,,,9.199999999999996,275.0,1922.61,1.09,85.68,151.63,52.93,144.95,236.75,15.2,0.612,86.77,Very Poor,0.0,68.57,,,,,,,,,,,,,,,,,
2024-11-19 12:00:00+00:00,12,19,11,2024,1,0.0,autumn,26.8,27.8,22.6,31.5,1015.4,53.0,10000.0,12.6,300,0,Clear,open-meteo historical data,,,8.899999999999999,175.0,741.0,0.57,30.5,117.3,13.83,54.08,98.36,6.08,0.55,31.07,Poor,-20.0,-62.69,,,,,,,,,,,,,,,,,
2024-11-20 12:00:00+00:00,12,20,11,2024,2,0.0,autumn,26.1,27.8,22.1,30.7,1014.4,59.0,10000.0,12.8,296,0,Clear,open-meteo historical data,,,8.599999999999998,125.0,440.6,0.52,13.88,94.41,5.54,28.71,55.84,2.75,0.514,14.4,Moderate,-25.0,-46.91,,,,,,,,,,,,,,,,,
2024-11-21 12:00:00+00:00,12,21,11,2024,3,0.0,autumn,25.9,28.3,21.5,30.2,1014.0,67.0,10000.0,12.1,275,0,Clear,open-meteo historical data,,,8.7,125.0,407.22,0.5,11.14,97.27,5.36,29.53,55.28,2.15,0.534,11.64,Moderate,0.0,2.86,,,,,,,,,,,,,,,,,
2024-11-22 12:00:00+00:00,12,22,11,2024,4,0.0,autumn,26.2,28.5,22.7,30.4,1013.4,65.0,10000.0,14.4,282,9,Clear,open-meteo historical data,,,7.699999999999999,125.0,594.14,1.26,23.65,68.66,6.68,30.82,50.92,4.43,0.605,24.91,Moderate,0.0,4.37,,,,,,,,,,,,,,,,,
2024-11-23 12:00:00+00:00,12,23,11,2024,5,1.0,autumn,26.4,28.8,22.9,30.2,1013.8,65.0,10000.0,12.5,284,34,Clear,open-meteo historical data,,,7.300000000000001,75.0,480.65,0.91,16.96,72.24,4.95,24.23,40.57,3.23,0.597,17.87,Fair,-33.33,-21.38,,,,,,,,,,,,,,,,,
2024-11-24 12:00:00+00:00,12,24,11,2024,6,1.0,autumn,26.1,28.8,22.9,29.9,1014.5,67.0,10000.0,10.1,306,19,Clear,open-meteo historical data,,,7.0,125.0,674.25,0.8,29.47,82.97,7.87,31.13,55.96,5.51,0.556,30.27,Moderate,50.0,28.48,,,,,,,,,,,,,,,,,
2024-11-25 12:00:00+00:00,12,25,11,2024,0,0.0,autumn,25.7,26.0,21.5,31.1,1015.3,50.0,10000.0,11.5,349,4,Clear,open-meteo historical data,,,9.6,275.0,1895.9,1.58,87.74,123.02,53.88,112.01,162.73,17.73,0.688,89.32,Very Poor,66.67,259.81,,,,,,,,,,,,,,,,,
2024-11-26 12:00:00+00:00,12,26,11,2024,1,0.0,autumn,25.6,27.3,21.1,30.8,1014.7,62.0,10000.0,12.3,299,0,Clear,open-meteo historical data,,,9.7,125.0,580.79,0.82,21.76,97.27,9.42,39.7,78.81,3.8,0.504,22.58,Moderate,-40.0,-64.56,,,,,,,,,,,,,,,,,
2024-11-27 12:00:00+00:00,12,27,11,2024,2,0.0,autumn,26.4,29.7,22.3,30.0,1013.2,72.0,10000.0,12.4,258,3,Clear,open-meteo historical data,,,7.699999999999999,125.0,447.27,0.73,15.25,82.25,5.01,30.41,75.55,2.56,0.403,15.98,Moderate,0.0,-23.4,,,,,,,,,,,,,,,,,
2024-11-28 12:00:00+00:00,12,28,11,2024,3,0.0,autumn,25.7,29.3,22.0,30.0,1013.9,76.0,10000.0,11.5,255,7,Clear,open-meteo historical data,,,8.0,125.0,907.9,2.51,43.18,45.42,8.34,33.87,69.61,7.79,0.487,45.69,Moderate,0.0,11.38,,,,,,,,,,,,,,,,,
2024-11-29 12:00:00+00:00,12,29,11,2024,4,0.0,autumn,25.4,28.4,22.0,30.1,1014.6,73.0,10000.0,11.4,312,4,Clear,open-meteo historical data,,,8.100000000000001,125.0,567.44,0.67,21.25,103.0,7.87,36.96,69.04,4.18,0.535,21.92,Moderate,0.0,9.12,,,,,,,,,,,,,,,,,
2024-11-30 12:00:00+00:00,12,30,11,2024,5,1.0,autumn,25.9,25.9,21.5,30.7,1013.8,49.0,10000.0,11.5,73,1,Clear,open-meteo historical data,,,9.2,275.0,720.98,0.25,22.62,150.2,46.73,88.2,151.83,5.38,0.581,22.87,Very Poor,66.67,138.64,,,,,,,,,,,,,,,,,
2024-12-01 12:00:00+00:00,12,1,12,2024,6,1.0,winter,24.8,23.9,20.4,29.4,1012.0,41.0,10000.0,11.1,29,1,Clear,open-meteo historical data,,,9.0,275.0,1361.85,0.75,56.89,128.75,39.58,102.52,162.38,13.3,0.631,57.64,Very Poor,0.0,16.24,,,,,,,,,,,,,,,,,
2024-12-02 12:00:00+00:00,12,2,12,2024,0,0.0,winter,25.1,24.2,20.1,30.3,1012.5,40.0,10000.0,9.9,25,0,Clear,open-meteo historical data,,,10.2,275.0,854.49,0.35,27.76,143.05,40.53,75.76,117.41,8.61,0.645,28.11,Very Poor,0.0,-26.1,,,,,,,,,,,,,,,,,
2024-12-03 12:00:00+00:00,12,3,12,2024,1,0.0,winter,25.6,24.3,20.9,30.3,1014.7,43.0,10000.0,15.2,44,3,Clear,open-meteo historical data,,,9.400000000000002,175.0,707.63,0.32,18.34,115.87,16.69,67.0,114.26,6.14,0.586,18.66,Poor,-20.0,-11.56,,,,,,,,,,,,,,,,,
2024-12-04 12:00:00+00:00,12,4,12,2024,2,0.0,winter,25.1,23.8,20.7,29.6,1015.6,43.0,10000.0,16.1,49,5,Clear,open-meteo historical data,,,8.900000000000002,175.0,827.79,0.42,23.31,123.02,25.03,72.47,114.79,7.92,0.631,23.73,Poor,0.0,8.16,,,,,,,,,,,,,,,,,
2024-12-05 12:00:00+00:00,12,5,12,2024,3,0.0,winter,24.2,24.5,19.5,28.4,1014.8,52.0,10000.0,10.9,285,39,Clear,open-meteo historical data,,,8.899999999999999,125.0,487.33,0.44,12.0,121.59,7.57,39.99,69.82,2.91,0.573,12.44,Moderate,-25.0,-44.82,,,,,,,,,,,,,,,,,
2024-12-06 12:00:00+00:00,12,6,12,2024,4,0.0,winter,23.1,23.2,18.5,28.1,1013.3,55.0,10000.0,9.3,328,24,Clear,open-meteo historical data,,,9.6,275.0,1335.14,0.62,46.61,191.69,25.03,139.66,201.42,9.63,0.693,47.23,Very Poor,66.67,249.24,,,,,,,,,,,,,,,,,
2024-12-07 12:00:00+00:00,12,7,12,2024,5,1.0,winter,22.4,19.2,16.1,28.6,1012.7,25.0,10000.0,13.4,350,0,Clear,open-meteo historical data,,,12.5,125.0,867.84,1.12,28.45,115.87,18.12,34.74,68.01,10.26,0.511,29.57,Moderate,-40.0,-75.13,,,,,,,,,,,,,,,,,
2024-12-08 12:00:00+00:00,12,8,12,2024,6,1.0,winter,21.9,17.5,16.2,28.2,1014.8,14.0,10000.0,14.8,344,0,Clear,open-meteo historical data,,,12.0,125.0,560.76,0.88,18.85,113.01,16.21,22.51,54.78,5.7,0.411,19.73,Moderate,0.0,-35.2,,,,,,,,,,,,,,,,,
2024-12-09 12:00:00+00:00,12,9,12,2024,0,0.0,winter,20.4,17.2,14.5,26.1,1016.9,25.0,10000.0,10.9,13,0,Clear,open-meteo historical data,,,11.6,275.0,3791.81,10.51,167.25,52.93,64.85,207.46,319.28,38.5,0.65,177.76,Very Poor,66.67,821.63,,,,,,,,,,,,,,,,,
2024-12-10 12:00:00+00:00,12,10,12,2024,1,0.0,winter,20.4,17.4,15.2,25.6,1017.1,27.0,10000.0,10.3,46,0,Clear,open-meteo historical data,,,10.400000000000002,125.0,961.3,1.17,37.7,128.75,58.65,49.06,88.18,9.75,0.556,38.87,Moderate,-40.0,-76.35,,,,,,,,,,,,,,,,,
2024-12-11 12:00:00+00:00,12,11,12,2024,2,0.0,winter,20.2,17.6,14.7,25.9,1016.8,32.0,10000.0,10.3,27,2,Clear,open-meteo historical data,,,11.2,275.0,1335.14,0.99,44.55,150.2,50.07,89.56,141.29,13.55,0.634,45.54,Very Poor,66.67,82.55,,,,,,,,,,,,,,,,,
2024-12-12 12:00:00+00:00,12,12,12,2024,3,0.0,winter,19.4,16.1,14.4,25.1,1017.7,27.0,10000.0,11.6,41,8,Clear,open-meteo historical data,,,10.7,125.0,821.11,1.09,29.13,113.01,34.81,43.46,87.37,9.37,0.497,30.22,Moderate,-40.0,-51.47,,,,,,,,,,,,,,,,,
2024-12-13 12:00:00+00:00,12,13,12,2024,4,0.0,winter,19.3,15.1,15.0,24.0,1018.7,27.0,10000.0,18.2,51,0,Clear,open-meteo historical data,,,9.0,175.0,781.06,0.77,24.68,135.9,33.38,64.84,127.44,7.6,0.509,25.45,Poor,33.33,49.19,,,,,,,,,,,,,,,,,
2024-12-14 12:00:00+00:00,12,14,12,2024,5,1.0,winter,19.7,15.9,15.3,24.8,1017.9,26.0,10000.0,14.1,54,0,Clear,open-meteo historical data,,,9.5,175.0,781.06,0.59,24.33,158.79,45.78,69.53,114.73,7.85,0.606,24.92,Poor,0.0,7.23,,,,,,,,,,,,,,,,,
2024-12-15 12:00:00+00:00,12,15,12,2024,6,1.0,winter,19.4,16.3,14.0,25.6,1018.0,29.0,10000.0,11.2,13,0,Clear,open-meteo historical data,,,11.6,175.0,720.98,0.44,18.85,158.79,17.64,59.76,86.85,8.23,0.688,19.29,Poor,0.0,-14.05,,,,,,,,,,,,,,,,,
2024-12-16 12:00:00+00:00,12,16,12,2024,0,0.0,winter,20.5,18.0,14.8,26.4,1016.7,32.0,10000.0,10.6,21,0,Clear,open-meteo historical data,,,11.599999999999998,275.0,947.95,0.62,30.5,147.34,49.11,89.47,137.62,7.41,0.65,31.12,Very Poor,25.0,49.72,,,,,,,,,,,,,,,,,
2024-12-17 12:00:00+00:00,12,17,12,2024,1,0.0,winter,20.2,17.9,14.0,26.0,1015.9,35.0,10000.0,10.9,27,27,Clear,open-meteo historical data,,,12.0,275.0,4699.71,7.82,189.19,71.53,71.53,293.56,419.7,42.56,0.699,197.01,Very Poor,0.0,228.11,,,,,,,,,,,,,,,,,
2024-12-18 12:00:00+00:00,12,18,12,2024,2,0.0,winter,20.7,17.6,15.6,25.9,1014.6,27.0,10000.0,12.7,38,36,Clear,open-meteo historical data,,,10.3,275.0,3150.94,13.19,131.61,40.77,41.96,131.01,181.88,32.17,0.72,144.8,Very Poor,0.0,-55.37,,,,,,,,,,,,,,,,,
2024-12-19 12:00:00+00:00,12,19,12,2024,3,0.0,winter,19.8,17.3,14.8,25.2,1014.6,35.0,10000.0,10.1,21,56,Clear,open-meteo historical data,,,10.4,125.0,614.17,0.5,18.51,115.87,13.23,42.0,81.85,5.64,0.513,19.01,Moderate,-40.0,-67.94,,,,,,,,,,,,,,,,,
2024-12-20 12:00:00+00:00,12,20,12,2024,4,0.0,winter,19.3,16.0,15.0,24.5,1016.2,32.0,10000.0,12.1,32,6,Clear,open-meteo historical data,,,9.5,175.0,854.49,0.83,24.33,127.32,30.99,62.17,88.93,8.61,0.699,25.16,Poor,33.33,48.02,,,,,,,,,,,,,,,,,
2024-12-21 12:00:00+00:00,12,21,12,2024,5,1.0,winter,18.5,14.9,13.7,24.2,1015.2,30.0,10000.0,12.0,43,0,Clear,open-meteo historical data,,,10.5,125.0,774.38,0.8,20.39,124.45,18.84,47.38,69.01,8.87,0.687,21.19,Moderate,-25.0,-23.79,,,,,,,,,,,,,,,,,
2024-12-22 12:00:00+00:00,12,22,12,2024,6,1.0,winter,19.3,17.8,13.5,24.2,1013.5,47.0,10000.0,11.4,356,0,Clear,open-meteo historical data,,,10.7,125.0,417.23,0.38,8.31,114.44,6.5,29.51,51.49,2.72,0.573,8.69,Moderate,0.0,-37.72,,,,,,,,,,,,,,,,,
2024-12-23 12:00:00+00:00,12,23,12,2024,0,0.0,winter,19.1,17.8,14.6,24.2,1015.3,51.0,10000.0,10.5,32,0,Clear,open-meteo historical data,,,9.6,275.0,867.84,0.54,23.31,150.2,17.4,77.71,124.08,6.9,0.626,23.85,Very Poor,66.67,163.33,,,,,,,,,,,,,,,,,
2024-12-24 12:00:00+00:00,12,24,12,2024,1,0.0,winter,19.1,16.3,14.7,24.4,1018.1,39.0,10000.0,11.8,46,0,Clear,open-meteo historical data,,,9.7,275.0,821.11,0.52,19.71,125.89,17.17,77.64,95.47,7.85,0.813,20.23,Very Poor,0.0,-0.09,,,,,,,,,,,,,,,,,
2024-12-25 12:00:00+00:00,12,25,12,2024,2,0.0,winter,18.7,15.7,14.3,23.5,1019.3,40.0,10000.0,14.1,45,0,Clear,open-meteo historical data,,,9.2,275.0,907.9,0.64,21.42,131.61,17.64,76.88,98.84,8.11,0.778,22.06,Very Poor,0.0,-0.98,,,,,,,,,,,,,,,,,
2024-12-26 12:00:00+00:00,12,26,12,2024,3,0.0,winter,18.8,15.8,14.4,23.8,1020.0,38.0,10000.0,12.4,32,0,Clear,open-meteo historical data,,,9.4,175.0,921.25,0.82,24.33,120.16,18.84,64.62,81.34,9.5,0.794,25.15,Poor,-20.0,-15.95,,,,,,,,,,,,,,,,,
2024-12-27 12:00:00+00:00,12,27,12,2024,4,0.0,winter,18.8,16.1,13.8,24.4,1019.8,34.0,10000.0,10.5,20,0,Clear,open-meteo historical data,,,10.599999999999998,275.0,4112.24,17.21,171.36,38.62,43.39,206.03,259.4,39.01,0.794,188.57,Very Poor,25.0,218.83,,,,,,,,,,,,,,,,,
2024-12-28 12:00:00+00:00,12,28,12,2024,5,1.0,winter,18.7,16.1,12.9,25.2,1019.8,37.0,10000.0,11.5,340,0,Clear,open-meteo historical data,,,12.3,125.0,514.03,0.77,15.94,121.59,25.75,32.69,65.87,4.24,0.496,16.71,Moderate,-40.0,-84.13,,,,,,,,,,,,,,,,,
2024-12-29 12:00:00+00:00,12,29,12,2024,6,1.0,winter,19.2,15.8,13.4,25.2,1020.3,29.0,10000.0,11.3,53,7,Clear,open-meteo historical data,,,11.8,175.0,794.41,0.91,23.31,148.77,33.38,49.22,87.25,8.23,0.564,24.22,Poor,33.33,50.57,,,,,,,,,,,,,,,,,
2024-12-30 12:00:00+00:00,12,30,12,2024,0,0.0,winter,19.6,17.0,15.0,25.1,1019.1,35.0,10000.0,11.5,52,11,Clear,open-meteo historical data,,,10.1,275.0,1268.39,1.31,45.24,144.48,56.74,87.32,136.45,13.17,0.64,46.55,Very Poor,25.0,77.41,,,,,,,,,,,,,,,,,
2024-12-31 12:00:00+00:00,12,31,12,2024,1,0.0,winter,20.0,17.6,14.4,25.8,1018.7,35.0,10000.0,10.0,54,60,Clear,open-meteo historical data,,,11.4,275.0,3524.78,11.4,156.28,53.64,97.27,189.7,268.42,34.96,0.707,167.68,Very Poor,0.0,117.25,,,,,,,,,,,,,,,,,
2025-01-01 12:00:00+00:00,12,1,1,2025,2,0.0,winter,20.4,17.9,15.3,26.2,1017.2,36.0,10000.0,10.5,63,76,Clouds,open-meteo historical data,,,10.9,275.0,1682.28,3.19,65.8,120.16,85.83,120.93,198.26,17.23,0.61,68.99,Very Poor,0.0,-36.25,,,,,,,,,,,,,,,,,
2025-01-02 12:00:00+00:00,12,2,1,2025,3,0.0,winter,19.9,18.5,14.9,25.6,1016.7,47.0,10000.0,9.6,27,85,Clouds,open-meteo historical data,,,10.7,275.0,5393.98,20.79,227.57,30.76,82.97,375.07,497.6,47.62,0.754,248.36,Very Poor,0.0,210.15,,,,,,,,,,,,,,,,,
2025-01-03 12:00:00+00:00,12,3,1,2025,4,0.0,winter,20.4,20.2,14.9,24.6,1016.2,59.0,10000.0,11.5,270,6,Clear,open-meteo historical data,,,9.7,275.0,1241.68,0.35,29.82,197.41,23.84,164.31,206.44,4.81,0.796,30.17,Very Poor,0.0,-56.19,,,,,,,,,,,,,,,,,
2025-01-04 12:00:00+00:00,12,4,1,2025,5,1.0,winter,19.9,18.2,14.9,24.2,1015.1,49.0,10000.0,14.1,310,3,Clear,open-meteo historical data,,,9.3,125.0,390.53,0.55,8.48,120.16,10.61,9.57,18.22,2.34,0.525,9.03,Moderate,-40.0,-94.18,,,,,,,,,,,,,,,,,
2025-01-05 12:00:00+00:00,12,5,1,2025,6,1.0,winter,17.8,15.9,13.2,22.5,1016.6,46.0,10000.0,10.7,329,0,Clear,open-meteo historical data,,,9.3,175.0,600.81,0.44,14.22,158.79,19.79,44.45,66.53,4.18,0.668,14.66,Poor,33.33,364.47,,,,,,,,,,,,,,,,,
2025-01-06 12:00:00+00:00,12,6,1,2025,0,0.0,winter,18.5,15.7,13.2,24.5,1018.9,34.0,10000.0,11.0,23,0,Clear,open-meteo historical data,,,11.3,175.0,1014.71,1.31,31.53,145.91,26.46,60.33,87.05,10.64,0.693,32.84,Poor,0.0,35.73,,,,,,,,,,,,,,,,,
2025-01-07 12:00:00+00:00,12,7,1,2025,1,0.0,winter,18.8,15.4,13.5,24.9,1019.0,25.0,10000.0,11.8,40,0,Clear,open-meteo historical data,,,11.4,125.0,1068.12,1.66,34.27,130.18,32.9,49.67,79.12,12.79,0.628,35.93,Moderate,-25.0,-17.67,,,,,,,,,,,,,,,,,
2025-01-08 12:00:00+00:00,12,8,1,2025,2,0.0,winter,17.9,16.0,11.5,23.5,1016.1,46.0,10000.0,9.6,336,0,Clear,open-meteo historical data,,,12.0,275.0,2323.15,4.81,97.33,128.75,47.68,162.19,220.05,17.99,0.737,102.14,Very Poor,66.67,226.54,,,,,,,,,,,,,,,,,
2025-01-09 12:00:00+00:00,12,9,1,2025,3,0.0,winter,18.8,17.0,12.3,24.2,1014.9,44.0,10000.0,8.6,50,2,Clear,open-meteo historical data,,,11.9,275.0,2750.4,4.58,108.3,114.44,51.02,212.87,313.49,24.07,0.679,112.88,Very Poor,0.0,31.25,,,,,,,,,,,,,,,,,
2025-01-10 12:00:00+00:00,12,10,1,2025,4,0.0,winter,20.1,18.0,15.5,25.4,1015.9,39.0,10000.0,13.6,350,10,Clear,open-meteo historical data,,,9.9,275.0,827.79,0.32,17.99,174.52,22.65,91.11,128.77,6.14,0.708,18.31,Very Poor,0.0,-57.2,,,,,,,,,,,,,,,,,
2025-01-11 12:00:00+00:00,12,11,1,2025,5,1.0,winter,19.9,18.3,14.8,25.9,1017.0,45.0,10000.0,10.6,335,0,Clear,open-meteo historical data,,,11.099999999999998,175.0,801.09,1.54,29.82,103.0,29.56,60.75,130.98,7.35,0.464,31.36,Poor,-20.0,-33.32,,,,,,,,,,,,,,,,,
2025-01-12 12:00:00+00:00,12,12,1,2025,6,1.0,winter,19.9,16.8,14.7,25.8,1019.2,32.0,10000.0,14.3,63,0,Clear,open-meteo historical data,,,11.1,275.0,894.55,0.82,25.36,153.06,44.35,83.46,122.36,8.61,0.682,26.18,Very Poor,25.0,37.38,,,,,,,,,,,,,,,,,
2025-01-13 12:00:00+00:00,12,13,1,2025,0,0.0,winter,18.4,15.7,14.4,23.5,1019.2,46.0,10000.0,15.1,60,2,Clear,open-meteo historical data,,,9.1,275.0,947.95,1.23,25.02,127.32,27.42,75.39,104.27,9.12,0.723,26.25,Very Poor,0.0,-9.67,,,,,,,,,,,,,,,,,
2025-01-14 12:00:00+00:00,12,14,1,2025,1,0.0,winter,18.6,17.1,13.5,24.1,1018.3,51.0,10000.0,10.4,33,0,Clear,open-meteo historical data,,,10.6,275.0,827.79,0.74,21.08,135.9,16.93,75.28,106.43,7.54,0.707,21.82,Very Poor,0.0,-0.15,,,,,,,,,,,,,,,,,
2025-01-15 12:00:00+00:00,12,15,1,2025,2,0.0,winter,19.6,18.5,14.9,25.1,1019.1,52.0,10000.0,10.8,3,2,Clear,open-meteo historical data,,,10.2,175.0,667.57,0.69,15.59,121.59,11.21,57.75,92.95,5.38,0.621,16.28,Poor,-20.0,-23.29,,,,,,,,,,,,,,,,,
2025-01-16 12:00:00+00:00,12,16,1,2025,3,0.0,winter,18.7,17.7,14.7,22.7,1020.3,55.0,10000.0,11.1,7,0,Clear,open-meteo historical data,,,8.0,275.0,1214.98,0.65,35.99,173.09,26.46,148.18,204.67,7.73,0.724,36.64,Very Poor,25.0,156.59,,,,,,,,,,,,,,,,,
2025-01-17 12:00:00+00:00,12,17,1,2025,4,0.0,winter,19.5,16.2,14.8,24.5,1018.3,37.0,10000.0,15.9,49,4,Clear,open-meteo historical data,,,9.7,125.0,767.71,1.54,23.99,123.02,28.61,40.0,77.73,7.16,0.515,25.53,Moderate,-40.0,-73.01,,,,,,,,,,,,,,,,,
2025-01-18 12:00:00+00:00,12,18,1,2025,5,1.0,winter,19.6,16.6,15.5,24.9,1015.5,36.0,10000.0,13.6,61,0,Clear,open-meteo historical data,,,9.4,275.0,1335.14,2.21,46.61,120.16,48.16,95.37,136.25,13.3,0.7,48.82,Very Poor,66.67,138.43,,,,,,,,,,,,,,,,,
2025-01-19 12:00:00+00:00,12,19,1,2025,6,1.0,winter,20.1,17.4,14.5,25.7,1015.9,33.0,10000.0,10.3,56,0,Clear,open-meteo historical data,,,11.2,275.0,3845.21,11.4,146.69,65.09,48.64,220.39,279.8,34.96,0.788,158.09,Very Poor,0.0,131.09,,,,,,,,,,,,,,,,,
2025-01-20 12:00:00+00:00,12,20,1,2025,0,0.0,winter,20.4,18.4,16.1,26.0,1015.7,40.0,10000.0,12.4,22,0,Clear,open-meteo historical data,,,9.9,275.0,4806.52,12.63,183.7,57.22,50.07,297.34,365.24,46.61,0.814,196.33,Very Poor,0.0,34.92,,,,,,,,,,,,,,,,,
2025-01-21 12:00:00+00:00,12,21,1,2025,1,0.0,winter,19.9,19.1,14.6,24.7,1014.7,57.0,10000.0,11.7,293,1,Clear,open-meteo historical data,,,10.1,275.0,2857.21,1.52,81.57,234.6,30.99,355.32,413.16,16.47,0.86,83.09,Very Poor,0.0,19.5,,,,,,,,,,,,,,,,,
2025-01-22 12:00:00+00:00,12,22,1,2025,2,0.0,winter,20.5,19.8,16.8,25.0,1014.9,57.0,10000.0,13.4,319,3,Clear,open-meteo historical data,,,8.2,125.0,520.71,1.3,15.77,110.15,7.09,20.12,41.83,4.31,0.481,17.07,Moderate,-40.0,-94.34,,,,,,,,,,,,,,,,,
2025-01-23 12:00:00+00:00,12,23,1,2025,3,0.0,winter,20.5,17.3,15.1,26.4,1017.3,29.0,10000.0,12.2,28,0,Clear,open-meteo historical data,,,11.3,125.0,1535.42,5.2,56.89,92.98,26.23,47.88,71.21,17.73,0.672,62.09,Moderate,0.0,137.97,,,,,,,,,,,,,,,,,
2025-01-24 12:00:00+00:00,12,24,1,2025,4,0.0,winter,20.4,16.9,15.0,25.9,1016.9,27.0,10000.0,13.3,38,0,Clear,open-meteo historical data,,,10.9,125.0,1228.33,2.88,41.47,123.02,38.62,45.7,69.49,13.68,0.658,44.35,Moderate,0.0,-4.55,,,,,,,,,,,,,,,,,
2025-01-25 12:00:00+00:00,12,25,1,2025,5,1.0,winter,20.3,17.4,15.2,26.2,1016.1,28.0,10000.0,11.3,11,0,Clear,open-meteo historical data,,,11.0,275.0,3257.75,13.3,122.01,76.53,33.38,136.22,181.99,35.97,0.749,135.31,Very Poor,66.67,198.07,,,,,,,,,,,,,,,,,
2025-01-26 12:00:00+00:00,12,26,1,2025,6,1.0,winter,19.6,18.3,14.1,25.8,1014.7,50.0,10000.0,12.2,315,0,Clear,open-meteo historical data,,,11.7,275.0,1815.8,2.21,58.26,180.24,13.83,164.77,210.45,13.68,0.783,60.47,Very Poor,0.0,20.96,,,,,,,,,,,,,,,,,
2025-01-27 12:00:00+00:00,12,27,1,2025,0,0.0,winter,19.9,20.0,14.3,27.1,1012.7,66.0,10000.0,11.8,306,6,Clear,open-meteo historical data,,,12.8,275.0,2216.34,4.69,76.09,131.61,13.59,179.03,245.7,17.99,0.729,80.78,Very Poor,0.0,8.65,,,,,,,,,,,,,,,,,
2025-01-28 12:00:00+00:00,12,28,1,2025,1,0.0,winter,20.4,21.3,14.0,25.7,1012.1,75.0,10000.0,11.4,264,15,Clear,open-meteo historical data,,,11.7,175.0,1161.58,7.38,40.44,60.08,8.82,57.68,111.85,11.27,0.516,47.82,Poor,-20.0,-67.78,,,,,,,,,,,,,,,,,
2025-01-29 12:00:00+00:00,12,29,1,2025,2,0.0,winter,21.6,23.0,17.0,26.3,1012.8,77.0,10000.0,12.7,284,6,Clear,open-meteo historical data,,,9.3,125.0,687.6,3.07,23.31,75.1,7.15,36.86,91.0,5.7,0.405,26.38,Moderate,-25.0,-36.1,,,,,,,,,,,,,,,,,
2025-01-30 12:00:00+00:00,12,30,1,2025,3,0.0,winter,21.1,19.4,15.9,26.6,1012.6,44.0,10000.0,13.8,295,1,Clear,open-meteo historical data,,,10.7,125.0,467.3,0.95,12.51,123.02,10.01,33.51,87.96,3.7,0.381,13.46,Moderate,0.0,-9.09,,,,,,,,,,,,,,,,,
2025-01-31 12:00:00+00:00,12,31,1,2025,4,0.0,winter,19.1,16.0,14.8,24.1,1011.9,33.0,10000.0,13.5,300,0,Clear,open-meteo historical data,,,9.3,125.0,467.3,1.41,14.22,114.44,19.55,19.01,48.36,3.48,0.393,15.63,Moderate,0.0,-43.27,,,,,,,,,,,,,,,,,
2025-02-01 12:00:00+00:00,12,1,2,2025,5,1.0,winter,18.8,16.4,12.7,24.5,1014.3,39.0,10000.0,11.4,348,0,Clear,open-meteo historical data,,,11.8,275.0,1628.88,2.63,61.01,175.95,55.31,165.5,239.71,10.51,0.69,63.64,Very Poor,66.67,770.59,,,,,,,,,,,,,,,,,
2025-02-02 12:00:00+00:00,12,2,2,2025,6,1.0,winter,21.2,17.9,14.8,26.7,1015.1,27.0,10000.0,13.4,43,0,Clear,open-meteo historical data,,,11.9,175.0,821.11,0.99,24.33,148.77,34.81,64.45,101.89,8.49,0.633,25.32,Poor,-20.0,-61.06,,,,,,,,,,,,,,,,,
2025-02-03 12:00:00+00:00,12,3,2,2025,0,0.0,winter,20.7,18.6,16.7,25.0,1014.6,40.0,10000.0,15.7,288,1,Clear,open-meteo historical data,,,8.3,125.0,507.35,0.47,8.48,138.76,8.23,45.34,79.09,4.62,0.573,8.95,Moderate,-25.0,-29.65,,,,,,,,,,,,,,,,,
2025-02-04 12:00:00+00:00,12,4,2,2025,1,0.0,winter,20.7,19.1,16.7,24.8,1016.0,49.0,10000.0,14.5,292,3,Clear,open-meteo historical data,,,8.100000000000001,125.0,487.33,1.29,13.88,115.87,5.72,20.62,61.98,3.74,0.333,15.17,Moderate,0.0,-54.52,,,,,,,,,,,,,,,,,
2025-02-05 12:00:00+00:00,12,5,2,2025,2,0.0,winter,19.9,17.9,14.4,25.8,1016.6,42.0,10000.0,13.4,319,0,Clear,open-meteo historical data,,,11.4,275.0,2162.93,7.6,87.74,97.27,21.7,113.26,166.79,20.77,0.679,95.34,Very Poor,66.67,449.27,,,,,,,,,,,,,,,,,
2025-02-06 12:00:00+00:00,12,6,2,2025,3,0.0,winter,21.5,17.9,14.8,27.4,1016.9,23.0,10000.0,12.7,57,26,Clear,open-meteo historical data,,,12.599999999999998,175.0,1415.25,3.91,55.52,124.45,62.94,63.48,112.17,16.97,0.566,59.43,Poor,-20.0,-43.95,,,,,,,,,,,,,,,,,
2025-02-07 12:00:00+00:00,12,7,2,2025,4,0.0,winter,22.9,19.1,17.9,28.4,1016.5,19.0,10000.0,13.8,53,65,Clear,open-meteo historical data,,,10.5,275.0,1588.82,4.53,62.38,123.02,63.9,80.39,151.21,19.0,0.532,66.91,Very Poor,25.0,26.64,,,,,,,,,,,,,,,,,
2025-02-08 12:00:00+00:00,12,8,2,2025,5,1.0,winter,21.7,19.1,16.8,28.1,1014.7,31.0,10000.0,9.6,2,44,Clear,open-meteo historical data,,,11.3,275.0,3097.53,7.15,124.75,137.33,32.42,227.47,332.44,25.08,0.684,131.9,Very Poor,0.0,182.96,,,,,,,,,,,,,,,,,
2025-02-09 12:00:00+00:00,12,9,2,2025,6,1.0,winter,21.3,20.0,15.4,27.0,1013.6,46.0,10000.0,11.3,284,43,Clear,open-meteo historical data,,,11.6,275.0,1562.12,3.86,60.32,144.48,10.01,147.68,190.53,12.29,0.775,64.18,Very Poor,0.0,-35.08,,,,,,,,,,,,,,,,,
2025-02-10 12:00:00+00:00,12,10,2,2025,0,0.0,winter,21.8,23.0,17.1,26.3,1014.3,74.0,10000.0,13.4,270,23,Clear,open-meteo historical data,,,9.2,275.0,774.38,1.3,18.16,123.02,6.91,97.05,122.79,5.13,0.79,19.46,Very Poor,0.0,-34.28,,,,,,,,,,,,,,,,,
2025-02-11 12:00:00+00:00,12,11,2,2025,1,0.0,winter,22.9,24.5,19.1,27.7,1014.7,75.0,10000.0,12.7,285,13,Clear,open-meteo historical data,,,8.599999999999998,125.0,781.06,4.36,27.08,71.53,7.09,39.91,84.32,7.03,0.473,31.44,Moderate,-40.0,-58.88,,,,,,,,,,,,,,,,,
2025-02-12 12:00:00+00:00,12,12,2,2025,2,0.0,winter,23.5,23.5,17.9,29.0,1016.3,52.0,10000.0,10.7,324,0,Clear,open-meteo historical data,,,11.1,275.0,3738.4,2.65,119.27,257.49,21.93,412.73,517.76,22.04,0.797,121.92,Very Poor,66.67,934.15,,,,,,,,,,,,,,,,,
2025-02-13 12:00:00+00:00,12,13,2,2025,3,0.0,winter,23.0,22.9,18.2,28.3,1015.9,54.0,10000.0,11.1,262,0,Clear,open-meteo historical data,,,10.1,275.0,2296.45,1.56,53.47,274.66,28.13,306.54,382.85,10.77,0.801,55.03,Very Poor,0.0,-25.73,,,,,,,,,,,,,,,,,
2025-02-14 12:00:00+00:00,12,14,2,2025,4,0.0,winter,24.5,25.0,19.8,29.7,1013.6,61.0,10000.0,16.2,272,35,Clear,open-meteo historical data,,,9.9,125.0,720.98,3.74,25.36,78.68,6.68,39.58,93.1,6.52,0.425,29.1,Moderate,-40.0,-87.09,,,,,,,,,,,,,,,,,
2025-02-15 12:00:00+00:00,12,15,2,2025,5,1.0,winter,24.6,26.2,22.0,29.4,1011.6,70.0,10000.0,16.2,269,5,Clear,open-meteo historical data,,,7.399999999999999,125.0,540.73,2.77,16.62,72.24,4.29,35.1,94.27,4.02,0.372,19.39,Moderate,0.0,-11.32,,,,,,,,,,,,,,,,,
2025-02-16 12:00:00+00:00,12,16,2,2025,6,1.0,winter,24.9,26.5,21.3,30.3,1011.8,67.0,10000.0,14.1,267,6,Clear,open-meteo historical data,,,9.0,125.0,547.41,2.49,15.77,71.53,4.11,28.76,65.03,3.58,0.442,18.26,Moderate,0.0,-18.06,,,,,,,,,,,,,,,,,
2025-02-17 12:00:00+00:00,12,17,2,2025,0,0.0,winter,25.3,26.5,20.7,30.6,1014.1,60.0,10000.0,13.2,271,49,Clear,open-meteo historical data,,,9.900000000000002,275.0,2349.85,1.96,77.46,254.63,22.17,249.59,319.25,16.21,0.782,79.42,Very Poor,66.67,767.84,,,,,,,,,,,,,,,,,
2025-02-18 12:00:00+00:00,12,18,2,2025,1,0.0,winter,25.4,26.6,21.4,30.9,1014.2,62.0,10000.0,13.5,269,50,Clear,open-meteo historical data,,,9.5,125.0,761.03,5.03,25.02,57.94,6.38,22.01,56.8,7.09,0.388,30.05,Moderate,-40.0,-91.18,,,,,,,,,,,,,,,,,
2025-02-19 12:00:00+00:00,12,19,2,2025,2,0.0,winter,25.6,26.0,22.7,29.5,1011.8,60.0,10000.0,20.7,272,13,Clear,open-meteo historical data,,,6.800000000000001,125.0,407.22,1.29,8.74,69.38,3.13,28.92,54.54,2.06,0.53,10.03,Moderate,0.0,31.39,,,,,,,,,,,,,,,,,
2025-02-20 12:00:00+00:00,12,20,2,2025,3,0.0,winter,25.7,25.4,20.7,31.4,1013.1,45.0,10000.0,12.4,268,0,Clear,open-meteo historical data,,,10.7,125.0,1268.39,5.87,50.72,97.27,16.45,41.44,81.63,12.79,0.508,56.59,Moderate,0.0,43.29,,,,,,,,,,,,,,,,,
2025-02-21 12:00:00+00:00,12,21,2,2025,4,0.0,winter,24.5,23.9,20.1,29.3,1016.1,43.0,10000.0,7.8,328,59,Clear,open-meteo historical data,,,9.2,275.0,9719.85,67.95,394.82,11.18,81.06,596.91,738.38,82.08,0.808,462.77,Very Poor,66.67,1340.42,,,,,,,,,,,,,,,,,
2025-02-22 12:00:00+00:00,12,22,2,2025,5,1.0,winter,23.5,23.2,18.6,29.2,1016.9,51.0,10000.0,11.7,292,4,Clear,open-meteo historical data,,,10.599999999999998,275.0,2002.72,3.24,66.49,231.74,25.51,226.63,295.28,14.69,0.768,69.73,Very Poor,0.0,-62.03,,,,,,,,,,,,,,,,,
2025-02-23 12:00:00+00:00,12,23,2,2025,6,1.0,winter,23.0,25.4,19.4,27.6,1016.1,78.0,10000.0,12.6,272,51,Clear,open-meteo historical data,,,8.200000000000003,125.0,634.19,4.75,17.82,47.92,5.54,26.55,43.97,5.13,0.604,22.57,Moderate,-40.0,-88.28,,,,,,,,,,,,,,,,,
2025-02-24 12:00:00+00:00,12,24,2,2025,0,0.0,winter,23.4,26.2,19.6,28.8,1016.1,79.0,10000.0,12.1,290,88,Clouds,open-meteo historical data,,,9.2,175.0,1201.63,7.04,43.87,40.77,7.99,50.22,82.18,10.77,0.611,50.91,Poor,33.33,89.15,,,,,,,,,,,,,,,,,
2025-02-25 12:00:00+00:00,12,25,2,2025,1,0.0,winter,24.4,25.8,20.2,29.1,1016.5,64.0,10000.0,8.0,282,100,Clouds,open-meteo historical data,,,8.900000000000002,275.0,2510.07,5.2,101.45,133.04,17.4,174.83,222.37,19.76,0.786,106.65,Very Poor,25.0,248.13,,,,,,,,,,,,,,,,,
2025-02-26 12:00:00+00:00,12,26,2,2025,2,0.0,winter,24.1,26.0,20.1,29.8,1016.0,71.0,10000.0,10.4,280,99,Clouds,open-meteo historical data,,,9.7,125.0,1241.68,12.74,41.13,30.04,9.54,40.44,60.11,12.67,0.673,53.87,Moderate,-40.0,-76.87,,,,,,,,,,,,,,,,,
2025-02-27 12:00:00+00:00,12,27,2,2025,3,0.0,winter,23.8,26.1,20.7,27.0,1013.4,80.0,10000.0,12.9,262,94,Clouds,open-meteo historical data,,,6.300000000000001,75.0,587.46,2.37,19.02,50.78,6.14,21.43,45.16,4.5,0.475,21.39,Fair,-33.33,-47.01,,,,,,,,,,,,,,,,,
2025-02-28 12:00:00+00:00,12,28,2,2025,4,0.0,winter,24.3,25.5,22.0,27.2,1011.6,72.0,10000.0,20.0,255,78,Clouds,open-meteo historical data,,,5.199999999999999,75.0,433.92,1.17,10.71,94.41,3.43,20.09,48.74,2.37,0.412,11.88,Fair,0.0,-6.25,,,,,,,,,,,,,,,,,
2025-03-01 12:00:00+00:00,12,1,3,2025,5,1.0,spring,23.5,25.2,19.3,27.9,1012.8,72.0,10000.0,14.1,267,6,Clear,open-meteo historical data,,,8.599999999999998,125.0,460.62,1.45,12.85,113.01,3.78,24.01,66.51,2.79,0.361,14.3,Moderate,50.0,19.51,,,,,,,,,,,,,,,,,
2025-03-02 12:00:00+00:00,12,2,3,2025,6,1.0,spring,23.0,24.4,18.1,27.6,1012.7,70.0,10000.0,15.0,255,8,Clear,open-meteo historical data,,,9.5,125.0,447.27,1.19,12.68,101.57,5.07,22.99,59.96,3.36,0.383,13.87,Moderate,0.0,-4.25,,,,,,,,,,,,,,,,,
2025-03-03 12:00:00+00:00,12,3,3,2025,0,0.0,spring,24.1,25.3,20.7,28.7,1013.5,68.0,10000.0,17.8,289,4,Clear,open-meteo historical data,,,8.0,175.0,494.0,1.77,14.39,95.84,4.59,42.56,141.4,2.88,0.301,16.16,Poor,33.33,85.12,,,,,,,,,,,,,,,,,
2025-03-04 12:00:00+00:00,12,4,3,2025,1,0.0,spring,24.0,21.0,18.8,29.4,1017.6,20.0,10000.0,10.0,11,0,Clear,open-meteo historical data,,,10.599999999999998,275.0,3898.62,16.54,160.4,120.16,42.92,167.45,216.01,42.05,0.775,176.94,Very Poor,25.0,293.44,,,,,,,,,,,,,,,,,
2025-03-05 12:00:00+00:00,12,5,3,2025,2,0.0,spring,23.1,21.2,16.8,30.1,1017.7,35.0,10000.0,11.8,326,0,Clear,open-meteo historical data,,,13.3,,,,,,,,,,,,,,,,,,,,,,,,,,,,,,,
2025-03-06 12:00:00+00:00,12,6,3,2025,3,0.0,spring,25.1,25.8,19.7,32.3,1014.1,58.0,10000.0,13.9,284,0,Clear,open-meteo historical data,,,12.599999999999998,,,,,,,,,,,,,,,,,,,,,,,,,,,,,,,
2025-03-07 12:00:00+00:00,12,7,3,2025,4,0.0,spring,26.3,27.2,19.6,33.1,1011.1,53.0,10000.0,11.9,276,0,Clear,open-meteo historical data,,,13.5,125.0,1228.33,8.49,46.61,67.95,8.58,40.27,92.48,11.15,0.435,55.1,Moderate,0.0,41.35,,,,,,,,,,,,,,,,,
2025-03-08 12:00:00+00:00,12,8,3,2025,5,1.0,spring,28.4,27.9,22.2,36.6,1008.5,39.0,10000.0,16.5,300,0,Clear,open-meteo historical data,,,14.400000000000002,125.0,580.79,2.24,17.48,87.98,4.35,28.49,73.92,4.81,0.385,19.72,Moderate,-40.0,-77.26,,,,,,,,,,,,,,,,,
2025-03-09 12:00:00+00:00,12,9,3,2025,6,1.0,spring,28.6,28.8,22.6,36.5,1010.4,43.0,10000.0,13.7,296,81,Clouds,open-meteo historical data,,,13.9,275.0,1642.23,3.16,54.15,181.67,10.37,125.27,174.77,17.48,0.717,57.31,Very Poor,66.67,285.8,,,,,,,,,,,,,,,,,
2025-03-10 12:00:00+00:00,12,10,3,2025,0,0.0,spring,28.3,28.3,22.2,36.3,1012.4,43.0,10000.0,12.0,288,45,Clear,open-meteo historical data,,,14.099999999999998,125.0,1054.76,7.49,39.07,63.66,8.11,32.47,66.95,10.13,0.485,46.56,Moderate,0.0,-24.68,,,,,,,,,,,,,,,,,
2025-03-11 12:00:00+00:00,12,11,3,2025,1,0.0,spring,27.4,28.5,21.5,34.5,1012.6,52.0,10000.0,11.8,284,7,Clear,open-meteo historical data,,,13.0,125.0,1495.36,15.42,50.72,45.78,8.94,43.11,80.65,13.81,0.535,66.14,Moderate,0.0,56.71,,,,,,,,,,,,,,,,,
2025-03-12 12:00:00+00:00,12,12,3,2025,2,0.0,spring,27.2,29.2,21.9,32.8,1010.3,62.0,10000.0,14.3,262,24,Clear,open-meteo historical data,,,10.9,125.0,600.81,4.25,19.36,60.08,5.01,27.51,57.69,4.62,0.477,23.61,Moderate,0.0,-0.69,,,,,,,,,,,,,,,,,
2025-03-13 12:00:00+00:00,12,13,3,2025,3,0.0,spring,28.0,30.1,24.3,33.1,1008.5,62.0,10000.0,15.2,261,5,Clear,open-meteo historical data,,,8.8,125.0,580.79,2.96,17.31,68.66,4.35,27.7,64.64,4.18,0.429,20.27,Moderate,0.0,29.99,,,,,,,,,,,,,,,,,
2025-03-14 12:00:00+00:00,12,14,3,2025,4,0.0,spring,27.3,28.7,23.7,31.7,1008.7,60.0,10000.0,17.0,258,51,Clear,open-meteo historical data,,,8.0,125.0,507.35,2.24,13.88,82.97,3.7,21.31,66.19,3.26,0.322,16.12,Moderate,0.0,-14.04,,,,,,,,,,,,,,,,,
2025-03-15 12:00:00+00:00,12,15,3,2025,5,1.0,spring,27.0,27.0,22.2,33.0,1011.4,48.0,10000.0,15.4,277,3,Clear,open-meteo historical data,,,10.8,125.0,460.62,1.24,12.68,135.9,10.13,24.79,80.32,3.32,0.309,13.92,Moderate,-25.0,-33.75,,,,,,,,,,,,,,,,,
2025-03-16 12:00:00+00:00,12,16,3,2025,6,1.0,spring,26.6,26.2,22.7,32.5,1012.7,42.0,10000.0,16.9,291,0,Clear,open-meteo historical data,,,9.8,175.0,567.44,1.68,17.65,125.89,10.97,37.42,110.11,5.13,0.34,19.33,Poor,0.0,10.29,,,,,,,,,,,,,,,,,
2025-03-17 12:00:00+00:00,12,17,3,2025,0,0.0,spring,26.3,26.4,20.6,31.8,1013.1,48.0,10000.0,14.1,278,28,Clear,open-meteo historical data,,,11.2,175.0,714.3,4.02,26.39,85.83,6.38,33.93,105.1,6.78,0.323,30.41,Poor,100.0,146.23,,,,,,,,,,,,,,,,,
2025-03-18 12:00:00+00:00,12,18,3,2025,1,0.0,spring,25.4,27.2,20.4,30.8,1012.1,64.0,10000.0,14.2,267,2,Clear,open-meteo historical data,,,10.400000000000002,75.0,487.33,2.21,14.74,90.84,4.83,13.78,38.71,3.83,0.356,16.95,Fair,0.0,-24.16,,,,,,,,,,,,,,,,,
2025-03-19 12:00:00+00:00,12,19,3,2025,2,0.0,spring,25.8,27.6,22.4,31.0,1012.9,67.0,10000.0,14.6,272,4,Clear,open-meteo historical data,,,8.600000000000001,75.0,494.0,2.37,14.57,87.26,4.83,18.17,48.06,3.74,0.378,16.94,Fair,0.0,-12.85,,,,,,,,,,,,,,,,,
2025-03-20 12:00:00+00:00,12,20,3,2025,3,0.0,spring,26.2,28.6,22.7,32.0,1014.3,69.0,10000.0,18.9,278,5,Clear,open-meteo historical data,,,9.3,75.0,514.03,2.21,16.11,87.26,4.29,20.85,47.28,3.7,0.441,18.32,Fair,-33.33,-39.48,,,,,,,,,,,,,,,,,
2025-03-21 12:00:00+00:00,12,21,3,2025,4,0.0,spring,26.8,28.8,22.0,33.4,1014.9,63.0,10000.0,17.8,275,0,Clear,open-meteo historical data,,,11.4,125.0,947.95,6.65,34.27,63.66,5.42,34.45,85.97,7.92,0.401,40.92,Moderate,0.0,74.08,,,,,,,,,,,,,,,,,
2025-03-22 12:00:00+00:00,12,22,3,2025,5,1.0,spring,26.8,29.1,23.1,31.7,1013.0,63.0,10000.0,15.1,261,0,Clear,open-meteo historical data,,,8.599999999999998,125.0,460.62,2.12,13.02,83.68,3.58,19.79,53.78,3.17,0.368,15.14,Moderate,0.0,-6.83,,,,,,,,,,,,,,,,,
2025-03-23 12:00:00+00:00,12,23,3,2025,6,1.0,spring,27.8,28.6,23.2,34.0,1013.3,51.0,10000.0,15.0,279,0,Clear,open-meteo historical data,,,10.8,125.0,514.03,2.46,15.42,86.55,4.77,21.24,60.47,4.12,0.351,17.88,Moderate,50.0,-6.43,,,,,,,,,,,,,,,,,
2025-03-24 12:00:00+00:00,12,24,3,2025,0,0.0,spring,27.5,27.5,22.7,33.7,1012.6,48.0,10000.0,15.9,280,0,Clear,open-meteo historical data,,,11.000000000000004,75.0,534.06,2.32,16.28,92.98,6.08,22.7,41.18,4.94,0.551,18.6,Fair,-33.33,-8.47,,,,,,,,,,,,,,,,,
2025-03-25 12:00:00+00:00,12,25,3,2025,1,0.0,spring,25.8,28.7,22.3,29.7,1009.1,74.0,10000.0,16.1,257,12,Clear,open-meteo historical data,,,7.399999999999999,125.0,393.87,1.09,9.42,75.1,3.43,24.8,50.34,2.69,0.493,10.51,Moderate,-25.0,54.04,,,,,,,,,,,,,,,,,
2025-03-26 12:00:00+00:00,12,26,3,2025,2,0.0,spring,25.9,27.6,23.5,29.5,1007.7,67.0,10000.0,17.2,252,0,Clear,open-meteo historical data,,,6.0,,,,,,,,,,,,,,,,,,,,,,,,,,,,,,,
2025-03-27 12:00:00+00:00,12,27,3,2025,3,0.0,spring,26.9,25.5,21.6,33.9,1010.5,36.0,10000.0,16.7,313,1,Clear,open-meteo historical data,,,12.299999999999995,175.0,600.81,2.01,21.42,151.63,13.11,16.1,33.61,5.51,0.479,23.43,Poor,-20.0,-93.53,,,,,,,,,,,,,,,,,
2025-03-28 12:00:00+00:00,12,28,3,2025,4,0.0,spring,26.4,23.6,20.9,32.1,1012.2,20.0,10000.0,15.1,310,68,Clear,open-meteo historical data,,,11.200000000000005,125.0,1201.63,5.03,50.04,133.04,17.88,36.59,59.04,10.77,0.62,55.07,Moderate,-40.0,-85.29,,,,,,,,,,,,,,,,,
2025-03-29 12:00:00+00:00,12,29,3,2025,5,1.0,spring,26.7,24.8,22.0,33.4,1011.5,29.0,10000.0,13.7,323,31,Clear,open-meteo historical data,,,11.4,275.0,1949.31,1.17,45.93,377.66,32.9,248.67,303.69,14.44,0.819,47.1,Very Poor,66.67,1325.86,,,,,,,,,,,,,,,,,
2025-03-30 12:00:00+00:00,12,30,3,2025,6,1.0,spring,26.5,26.1,21.2,33.8,1011.3,44.0,10000.0,15.4,286,0,Clear,open-meteo historical data,,,12.599999999999998,,,,,,,,,,,,,,,,,,,,,,,,,,,,,,,
2025-03-31 12:00:00+00:00,12,31,3,2025,0,0.0,spring,26.2,28.7,20.5,32.0,1010.5,66.0,10000.0,13.0,262,0,Clear,open-meteo historical data,,,11.5,,,,,,,,,,,,,,,,,,,,,,,,,,,,,,,
2025-04-01 12:00:00+00:00,12,1,4,2025,1,0.0,spring,27.3,29.5,21.6,34.6,1008.9,59.0,10000.0,13.7,261,0,Clear,open-meteo historical data,,,13.0,,,,,,,,,,,,,,,,,,,,,,,,,,,,,,,
2025-04-02 12:00:00+00:00,12,2,4,2025,2,0.0,spring,27.2,29.8,21.7,33.7,1008.8,63.0,10000.0,12.1,244,0,Clear,open-meteo historical data,,,12.000000000000004,,,,,,,,,,,,,,,,,,,,,,,,,,,,,,,
2025-04-03 12:00:00+00:00,12,3,4,2025,3,0.0,spring,27.5,30.3,22.8,32.8,1010.6,64.0,10000.0,14.5,261,0,Clear,open-meteo historical data,,,9.999999999999996,,,,,,,,,,,,,,,,,,,,,,,,,,,,,,,
2025-04-04 12:00:00+00:00,12,4,4,2025,4,0.0,spring,27.9,30.8,22.9,34.0,1011.6,63.0,10000.0,13.9,268,0,Clear,open-meteo historical data,,,11.1,275.0,1949.31,1.17,45.93,377.66,32.9,248.67,303.69,14.44,0.819,47.1,Very Poor,66.67,1003.24,,,,,,,,,,,,,,,,,
2025-04-05 12:00:00+00:00,12,5,4,2025,5,1.0,spring,28.9,30.8,24.0,33.9,1010.5,55.0,10000.0,15.6,277,0,Clear,open-meteo historical data,,,9.9,,,,,,,,,,,,,,,,,,,,,,,,,,,,,,,
2025-04-06 12:00:00+00:00,12,6,4,2025,6,1.0,spring,30.4,30.3,25.8,36.6,1008.8,42.0,10000.0,19.7,274,0,Clear,open-meteo historical data,,,10.8,125.0,109.18,0.01,0.06,91.79,0.37,17.44,52.14,0.01,0.334,0.07,Moderate,50.0,-10.66,,,,,,,,,,,,,,,,,
2025-04-07 12:00:00+00:00,12,7,4,2025,0,0.0,spring,28.8,31.1,25.2,33.3,1008.6,59.0,10000.0,17.9,258,1,Clear,open-meteo historical data,,,8.099999999999998,125.0,107.4,0.01,0.06,69.0,0.37,17.91,52.44,0.0,0.342,0.07,Moderate,0.0,22.34,,,,,,,,,,,,,,,,,
2025-04-08 12:00:00+00:00,12,8,4,2025,1,0.0,spring,27.9,32.2,24.6,31.6,1010.1,74.0,10000.0,14.3,236,45,Clear,open-meteo historical data,,,7.0,125.0,110.86,0.01,0.06,59.42,0.32,21.0,75.04,0.0,0.28,0.07,Moderate,0.0,94.26,,,,,,,,,,,,,,,,,
2025-04-09 12:00:00+00:00,12,9,4,2025,2,0.0,spring,27.7,32.0,24.6,31.5,1008.9,77.0,10000.0,15.2,246,31,Clear,open-meteo historical data,,,6.899999999999999,125.0,108.1,0.01,0.05,61.81,0.23,14.22,55.6,0.0,0.256,0.06,Moderate,0.0,20.1,,,,,,,,,,,,,,,,,
2025-04-10 12:00:00+00:00,12,10,4,2025,3,0.0,spring,27.7,31.9,24.7,31.7,1005.1,78.0,10000.0,15.4,255,31,Clear,open-meteo historical data,,,7.0,125.0,121.46,0.01,0.05,65.0,0.27,20.99,81.03,0.0,0.259,0.06,Moderate,0.0,83.32,,,,,,,,,,,,,,,,,
2025-04-11 12:00:00+00:00,12,11,4,2025,4,0.0,spring,28.1,32.4,25.3,32.4,1003.0,75.0,10000.0,16.1,246,4,Clear,open-meteo historical data,,,7.099999999999998,175.0,128.34,0.01,0.07,74.66,0.46,35.0,126.39,0.0,0.277,0.08,Poor,-20.0,-27.23,,,,,,,,,,,,,,,,,
2025-04-12 12:00:00+00:00,12,12,4,2025,5,1.0,spring,29.6,32.8,25.5,35.3,1006.3,64.0,10000.0,14.5,257,0,Clear,open-meteo historical data,,,9.799999999999995,125.0,122.49,0.01,0.07,64.24,0.35,22.54,71.64,0.0,0.315,0.08,Moderate,-25.0,-38.78,,,,,,,,,,,,,,,,,
2025-04-13 12:00:00+00:00,12,13,4,2025,6,1.0,spring,28.5,32.4,25.8,33.0,1009.4,75.0,10000.0,18.0,265,1,Clear,open-meteo historical data,,,7.199999999999999,125.0,122.47,0.01,0.06,58.63,0.28,26.61,72.2,0.0,0.369,0.07,Moderate,-25.0,-6.96,,,,,,,,,,,,,,,,,
2025-04-14 12:00:00+00:00,12,14,4,2025,0,0.0,spring,28.4,32.2,25.8,32.0,1008.4,76.0,10000.0,20.9,271,2,Clear,open-meteo historical data,,,6.199999999999999,75.0,129.3,0.01,0.05,57.19,0.3,19.52,49.57,0.0,0.394,0.06,Fair,-50.0,-41.24,,,,,,,,,,,,,,,,,
2025-04-15 12:00:00+00:00,12,15,4,2025,1,0.0,spring,28.7,33.2,25.9,32.7,1007.2,77.0,10000.0,18.1,265,1,Clear,open-meteo historical data,,,6.800000000000004,125.0,116.83,0.01,0.06,48.45,0.32,14.64,60.11,0.0,0.244,0.07,Moderate,0.0,-49.4,,,,,,,,,,,,,,,,,
2025-04-16 12:00:00+00:00,12,16,4,2025,2,0.0,spring,29.1,32.7,26.0,33.2,1006.5,70.0,10000.0,19.1,266,1,Clear,open-meteo historical data,,,7.200000000000003,125.0,105.24,0.01,0.06,46.01,0.35,10.81,52.67,0.0,0.205,0.07,Moderate,-25.0,-71.1,,,,,,,,,,,,,,,,,
2025-04-17 12:00:00+00:00,12,17,4,2025,3,0.0,spring,29.4,32.5,26.4,33.6,1005.6,68.0,10000.0,21.7,267,0,Clear,open-meteo historical data,,,7.200000000000003,125.0,104.93,0.01,0.06,48.4,0.33,11.84,53.36,0.0,0.222,0.07,Moderate,-25.0,-72.82,,,,,,,,,,,,,,,,,
2025-04-18 12:00:00+00:00,12,18,4,2025,4,0.0,spring,28.7,32.4,26.3,32.2,1005.1,72.0,10000.0,18.5,251,0,Clear,open-meteo historical data,,,5.900000000000002,125.0,102.57,0.01,0.06,46.75,0.39,11.45,59.99,0.0,0.191,0.07,Moderate,-25.0,-71.32,,,,,,,,,,,,,,,,,
2025-04-19 12:00:00+00:00,12,19,4,2025,5,1.0,spring,30.1,32.3,26.0,34.7,1004.6,56.0,10000.0,16.7,262,0,Clear,open-meteo historical data,,,8.700000000000003,,,,,,,,,,,,,,,,,,,,,,,,,,,,,,,
2025-04-20 12:00:00+00:00,12,20,4,2025,6,1.0,spring,31.1,31.0,25.5,38.8,1006.8,40.0,10000.0,16.9,281,0,Clear,open-meteo historical data,,,13.299999999999995,275.0,143.52,0.01,0.09,95.72,0.34,48.1,208.42,0.08,0.231,0.1,Very Poor,66.67,104.07,,,,,,,,,,,,,,,,,
2025-04-21 12:00:00+00:00,12,21,4,2025,0,0.0,spring,30.2,31.3,25.2,38.2,1009.7,47.0,10000.0,18.1,267,0,Clear,open-meteo historical data,,,13.000000000000004,175.0,124.92,0.01,0.05,85.91,0.18,36.82,162.86,0.15,0.226,0.06,Poor,33.33,34.87,,,,,,,,,,,,,,,,,
2025-04-22 12:00:00+00:00,12,22,4,2025,1,0.0,spring,29.2,32.5,24.8,35.7,1010.5,62.0,10000.0,14.0,255,0,Clear,open-meteo historical data,,,10.900000000000002,175.0,122.07,0.01,0.05,84.67,0.2,28.6,104.67,0.18,0.273,0.06,Poor,100.0,30.36,,,,,,,,,,,,,,,,,
2025-04-23 12:00:00+00:00,12,23,4,2025,2,0.0,spring,29.1,32.6,24.3,35.2,1007.6,65.0,10000.0,15.4,261,0,Clear,open-meteo historical data,,,10.900000000000002,175.0,121.52,0.01,0.05,81.94,0.32,33.22,122.36,0.03,0.271,0.06,Poor,33.33,86.32,,,,,,,,,,,,,,,,,
2025-04-24 12:00:00+00:00,12,24,4,2025,3,0.0,spring,29.1,33.3,25.6,33.8,1005.7,72.0,10000.0,18.3,247,0,Clear,open-meteo historical data,,,8.199999999999996,125.0,123.22,0.01,0.07,78.64,0.39,28.93,85.18,0.0,0.34,0.08,Moderate,0.0,52.5,,,,,,,,,,,,,,,,,
2025-04-25 12:00:00+00:00,12,25,4,2025,4,0.0,spring,29.1,33.6,25.5,33.1,1005.8,71.0,10000.0,15.4,250,1,Clear,open-meteo historical data,,,7.600000000000001,175.0,111.52,0.01,0.07,54.88,0.35,37.41,142.43,0.0,0.263,0.08,Poor,33.33,70.43,,,,,,,,,,,,,,,,,
2025-04-26 12:00:00+00:00,12,26,4,2025,5,1.0,spring,31.2,34.4,27.0,37.4,1005.3,56.0,10000.0,18.0,265,2,Clear,open-meteo historical data,,,10.4,175.0,113.09,0.01,0.08,68.39,0.49,43.56,159.64,0.0,0.273,0.09,Poor,33.33,81.8,,,,,,,,,,,,,,,,,
2025-04-27 12:00:00+00:00,12,27,4,2025,6,1.0,spring,30.4,34.4,26.6,35.0,1006.2,64.0,10000.0,17.3,248,1,Clear,open-meteo historical data,,,8.399999999999999,175.0,106.56,0.01,0.08,65.83,0.27,39.92,140.29,0.0,0.285,0.09,Poor,33.33,211.63,,,,,,,,,,,,,,,,,
2025-04-28 12:00:00+00:00,12,28,4,2025,0,0.0,spring,31.3,34.2,27.0,35.7,1004.1,56.0,10000.0,18.4,260,1,Clear,open-meteo historical data,,,8.700000000000003,125.0,101.6,0.01,0.08,71.27,0.35,31.41,76.65,0.0,0.41,0.09,Moderate,0.0,174.08,,,,,,,,,,,,,,,,,
2025-04-29 12:00:00+00:00,12,29,4,2025,1,0.0,spring,31.5,33.9,28.3,35.3,1004.0,53.0,10000.0,20.3,264,43,Clear,open-meteo historical data,,,6.9999999999999964,125.0,103.4,0.01,0.07,67.32,0.29,23.57,52.55,0.0,0.449,0.08,Moderate,-25.0,26.38,,,,,,,,,,,,,,,,,
2025-04-30 12:00:00+00:00,12,30,4,2025,2,0.0,spring,31.0,33.7,27.9,35.5,1005.6,57.0,10000.0,20.2,265,26,Clear,open-meteo historical data,,,7.600000000000001,125.0,104.48,0.01,0.06,64.93,0.31,27.3,55.82,0.0,0.489,0.07,Moderate,0.0,67.59,,,,,,,,,,,,,,,,,
2025-05-01 12:00:00+00:00,12,1,5,2025,3,0.0,spring,30.2,34.0,27.7,33.6,1006.3,67.0,10000.0,20.5,256,1,Clear,open-meteo historical data,,,5.900000000000002,75.0,103.18,0.01,0.06,58.78,0.36,21.94,49.95,0.0,0.439,0.07,Fair,-60.0,-74.74,,,,,,,,,,,,,,,,,
2025-05-02 12:00:00+00:00,12,2,5,2025,4,0.0,spring,29.9,34.3,27.3,33.2,1005.6,72.0,10000.0,19.8,253,15,Clear,open-meteo historical data,,,5.900000000000002,125.0,105.34,0.01,0.06,56.23,0.36,17.83,50.7,0.0,0.352,0.07,Moderate,-40.0,-83.46,,,,,,,,,,,,,,,,,
2025-05-03 12:00:00+00:00,12,3,5,2025,5,1.0,spring,30.1,34.9,27.2,34.4,1003.8,71.0,10000.0,18.2,246,9,Clear,open-meteo historical data,,,7.199999999999999,125.0,104.56,0.01,0.07,62.78,0.37,18.97,58.76,0.0,0.323,0.08,Moderate,-25.0,-59.84,,,,,,,,,,,,,,,,,
2025-05-04 12:00:00+00:00,12,4,5,2025,6,1.0,spring,30.1,34.8,27.5,33.5,1002.2,71.0,10000.0,18.0,234,6,Clear,open-meteo historical data,,,6.0,125.0,128.78,0.01,0.08,60.82,0.41,21.95,75.92,0.01,0.289,0.09,Moderate,-25.0,-43.78,,,,,,,,,,,,,,,,,
2025-05-05 12:00:00+00:00,12,5,5,2025,0,0.0,spring,29.7,34.9,26.4,33.0,1003.3,70.0,10000.0,13.4,189,11,Clear,open-meteo historical data,,,6.600000000000001,125.0,119.74,0.01,0.09,50.48,0.4,23.96,90.42,0.0,0.265,0.1,Moderate,-25.0,-23.57,,,,,,,,,,,,,,,,,
2025-05-06 12:00:00+00:00,12,6,5,2025,1,0.0,spring,29.7,35.2,27.3,32.8,1004.2,75.0,10000.0,13.0,207,11,Clear,open-meteo historical data,,,5.4999999999999964,125.0,109.99,0.01,0.06,44.15,0.27,12.81,69.14,0.0,0.185,0.07,Moderate,0.0,-34.97,,,,,,,,,,,,,,,,,
2025-05-07 12:00:00+00:00,12,7,5,2025,2,0.0,spring,29.7,35.5,27.3,33.5,1003.2,76.0,10000.0,14.9,224,11,Clear,open-meteo historical data,,,6.199999999999999,125.0,107.89,0.01,0.05,38.46,0.22,11.46,64.68,0.0,0.177,0.06,Moderate,0.0,-38.12,,,,,,,,,,,,,,,,,
2025-05-08 12:00:00+00:00,12,8,5,2025,3,0.0,spring,29.7,35.5,27.2,32.2,1004.8,75.0,10000.0,12.1,217,8,Clear,open-meteo historical data,,,5.000000000000004,175.0,94.2,0.01,0.04,43.43,0.17,18.65,104.42,0.0,0.179,0.05,Poor,33.33,40.75,,,,,,,,,,,,,,,,,
2025-05-09 12:00:00+00:00,12,9,5,2025,4,0.0,spring,29.8,35.1,27.3,32.4,1007.0,72.0,10000.0,13.6,235,8,Clear,open-meteo historical data,,,5.099999999999998,125.0,100.42,0.0,0.04,47.29,0.12,16.29,71.72,0.04,0.227,0.04,Moderate,0.0,32.33,,,,,,,,,,,,,,,,,
2025-05-10 12:00:00+00:00,12,10,5,2025,5,1.0,spring,30.0,34.5,27.0,34.0,1007.1,70.0,10000.0,17.2,262,12,Clear,open-meteo historical data,,,7.0,275.0,96.2,0.0,0.03,44.81,0.09,86.86,390.05,0.0,0.223,0.03,Very Poor,150.0,1278.73,,,,,,,,,,,,,,,,,
2025-05-11 12:00:00+00:00,12,11,5,2025,6,1.0,spring,29.7,35.0,27.3,32.5,1005.6,77.0,10000.0,18.0,247,15,Clear,open-meteo historical data,,,5.199999999999999,275.0,104.2,0.0,0.03,62.9,0.16,107.8,237.91,0.0,0.453,0.03,Very Poor,150.0,1316.56,,,,,,,,,,,,,,,,,
2025-05-12 12:00:00+00:00,12,12,5,2025,0,0.0,spring,29.4,34.1,26.9,32.1,1004.3,77.0,10000.0,18.5,240,38,Clear,open-meteo historical data,,,5.200000000000003,175.0,104.64,0.01,0.05,66.15,0.37,47.24,165.72,0.0,0.285,0.06,Poor,300.0,1102.04,,,,,,,,,,,,,,,,,
2025-05-13 12:00:00+00:00,12,13,5,2025,1,0.0,spring,29.7,34.9,26.8,32.7,1004.5,77.0,10000.0,17.3,240,19,Clear,open-meteo historical data,,,5.900000000000002,175.0,96.28,0.01,0.05,59.09,0.42,39.04,132.78,0.0,0.294,0.06,Poor,100.0,186.85,,,,,,,,,,,,,,,,,
2025-05-14 12:00:00+00:00,12,14,5,2025,2,0.0,spring,30.5,36.4,27.3,34.5,1004.3,75.0,10000.0,15.5,227,0,Clear,open-meteo historical data,,,7.199999999999999,175.0,91.61,0.01,0.06,54.3,0.4,31.35,112.91,0.0,0.278,0.07,Poor,33.33,203.48,,,,,,,,,,,,,,,,,
2025-05-15 12:00:00+00:00,12,15,5,2025,3,0.0,spring,30.5,36.6,27.6,33.7,1004.1,76.0,10000.0,16.2,207,0,Clear,open-meteo historical data,,,6.100000000000001,125.0,86.56,0.01,0.07,51.2,0.41,19.7,82.86,0.0,0.238,0.08,Moderate,0.0,27.67,,,,,,,,,,,,,,,,,
2025-05-16 12:00:00+00:00,12,16,5,2025,4,0.0,spring,30.2,36.1,27.8,32.8,1003.6,78.0,10000.0,14.9,191,10,Clear,open-meteo historical data,,,4.9999999999999964,125.0,85.44,0.01,0.07,51.68,0.4,18.52,75.87,0.0,0.244,0.08,Moderate,0.0,13.55,,,,,,,,,,,,,,,,,
2025-05-17 12:00:00+00:00,12,17,5,2025,5,1.0,spring,30.2,35.6,28.1,32.5,1003.6,74.0,10000.0,16.2,192,23,Clear,open-meteo historical data,,,4.399999999999999,125.0,80.67,0.01,0.05,42.15,0.32,13.25,63.04,0.0,0.21,0.06,Moderate,0.0,-45.94,,,,,,,,,,,,,,,,,
2025-05-18 12:00:00+00:00,12,18,5,2025,6,1.0,spring,30.1,35.5,28.1,32.8,1003.9,73.0,10000.0,15.4,215,12,Clear,open-meteo historical data,,,4.699999999999996,125.0,77.0,0.01,0.04,38.88,0.21,12.31,63.0,0.0,0.195,0.05,Moderate,-25.0,-57.68,,,,,,,,,,,,,,,,,
2025-05-19 12:00:00+00:00,12,19,5,2025,0,0.0,spring,30.0,34.9,27.9,32.7,1003.5,72.0,10000.0,16.7,241,19,Clear,open-meteo historical data,,,4.800000000000004,75.0,79.26,0.01,0.03,40.44,0.13,6.3,32.14,0.0,0.196,0.04,Fair,-50.0,-81.18,,,,,,,,,,,,,,,,,
2025-05-20 12:00:00+00:00,12,20,5,2025,1,0.0,spring,30.4,35.0,28.2,33.3,1002.8,71.0,10000.0,17.2,251,27,Clear,open-meteo historical data,,,5.099999999999998,75.0,86.89,0.0,0.03,43.97,0.14,7.61,30.39,0.0,0.25,0.03,Fair,-50.0,-80.53,,,,,,,,,,,,,,,,,
2025-05-21 12:00:00+00:00,12,21,5,2025,2,0.0,spring,30.2,35.0,27.9,32.9,1002.8,73.0,10000.0,16.3,249,29,Clear,open-meteo historical data,,,5.0,25.0,84.4,0.01,0.03,41.06,0.12,3.93,15.42,0.0,0.255,0.04,Good,-75.0,-88.84,,,,,,,,,,,,,,,,,
2025-05-22 12:00:00+00:00,12,22,5,2025,3,0.0,spring,29.9,34.9,27.9,32.5,1001.4,75.0,10000.0,17.3,255,20,Clear,open-meteo historical data,,,4.600000000000001,75.0,103.81,0.01,0.04,43.92,0.17,13.61,37.84,0.0,0.36,0.05,Fair,-50.0,-59.92,,,,,,,,,,,,,,,,,
2025-05-23 12:00:00+00:00,12,23,5,2025,4,0.0,spring,30.3,35.1,27.7,33.8,999.2,73.0,10000.0,17.1,256,23,Clear,open-meteo historical data,,,6.099999999999998,125.0,91.99,0.01,0.04,40.46,0.19,10.33,54.76,0.0,0.189,0.05,Moderate,-25.0,-74.21,,,,,,,,,,,,,,,,,
2025-05-24 12:00:00+00:00,12,24,5,2025,5,1.0,spring,30.6,35.6,28.7,33.2,999.2,73.0,10000.0,18.3,258,22,Clear,open-meteo historical data,,,4.500000000000004,125.0,89.3,0.01,0.03,47.63,0.21,15.43,71.3,0.04,0.216,0.04,Moderate,-25.0,-66.44,,,,,,,,,,,,,,,,,
2025-05-25 12:00:00+00:00,12,25,5,2025,6,1.0,spring,30.9,36.4,28.8,33.9,1001.0,75.0,10000.0,17.7,263,15,Clear,open-meteo historical data,,,5.099999999999998,125.0,84.55,0.01,0.04,42.84,0.27,16.31,62.31,0.0,0.262,0.05,Moderate,-40.0,-66.53,,,,,,,,,,,,,,,,,
2025-05-26 12:00:00+00:00,12,26,5,2025,0,0.0,spring,31.3,36.7,28.8,35.5,1000.9,73.0,10000.0,17.2,273,20,Clear,open-meteo historical data,,,6.699999999999999,125.0,90.2,0.01,0.04,46.37,0.24,24.51,82.27,0.0,0.298,0.05,Moderate,-25.0,-5.26,,,,,,,,,,,,,,,,,
2025-05-27 12:00:00+00:00,12,27,5,2025,1,0.0,spring,30.7,36.1,28.5,34.0,999.2,75.0,10000.0,19.1,261,17,Clear,open-meteo historical data,,,5.5,175.0,87.49,0.01,0.04,46.99,0.3,29.09,104.24,0.0,0.279,0.05,Poor,33.33,147.15,,,,,,,,,,,,,,,,,
2025-05-28 12:00:00+00:00,12,28,5,2025,2,0.0,spring,30.8,37.1,28.3,34.5,997.9,80.0,10000.0,17.7,242,18,Clear,open-meteo historical data,,,6.199999999999999,175.0,90.56,0.01,0.06,54.14,0.39,33.48,113.88,0.0,0.294,0.07,Poor,33.33,160.14,,,,,,,,,,,,,,,,,
2025-05-29 12:00:00+00:00,12,29,5,2025,3,0.0,spring,32.8,37.3,28.2,36.8,995.9,60.0,10000.0,21.6,252,3,Clear,open-meteo historical data,,,8.599999999999998,175.0,91.45,0.01,0.06,64.22,0.41,39.09,133.5,0.0,0.293,0.07,Poor,33.33,194.8,,,,,,,,,,,,,,,,,
2025-05-30 12:00:00+00:00,12,30,5,2025,4,0.0,spring,32.2,36.0,28.7,38.3,995.9,64.0,10000.0,24.7,257,1,Clear,open-meteo historical data,,,9.599999999999998,175.0,91.52,0.01,0.05,64.94,0.4,35.2,127.45,0.0,0.276,0.06,Poor,100.0,231.14,,,,,,,,,,,,,,,,,
2025-05-31 12:00:00+00:00,12,31,5,2025,5,1.0,spring,31.4,36.0,28.6,36.3,998.3,71.0,10000.0,21.2,239,8,Clear,open-meteo historical data,,,7.699999999999996,175.0,84.88,0.01,0.05,55.13,0.4,33.96,128.04,0.0,0.265,0.06,Poor,300.0,697.18,,,,,,,,,,,,,,,,,
2025-06-01 12:00:00+00:00,12,1,6,2025,6,1.0,summer,31.9,36.2,28.7,37.7,997.8,66.0,10000.0,19.8,225,42,Clear,open-meteo historical data,,,9.000000000000004,175.0,82.32,0.01,0.05,49.76,0.45,40.06,132.76,0.0,0.302,0.06,Poor,100.0,378.04,,,,,,,,,,,,,,,,,
2025-06-02 12:00:00+00:00,12,2,6,2025,0,0.0,summer,30.6,35.7,28.1,33.8,997.7,75.0,10000.0,18.5,208,47,Clear,open-meteo historical data,,,5.699999999999996,175.0,88.51,0.01,0.05,58.71,0.43,45.98,185.18,0.0,0.248,0.06,Poor,100.0,364.91,,,,,,,,,,,,,,,,,
2025-06-03 12:00:00+00:00,12,3,6,2025,1,0.0,summer,29.8,35.3,28.0,32.2,999.6,80.0,10000.0,18.4,211,33,Clear,open-meteo historical data,,,4.200000000000003,275.0,93.7,0.01,0.05,71.5,0.44,48.73,205.71,0.0,0.237,0.06,Very Poor,150.0,461.41,,,,,,,,,,,,,,,,,
2025-06-04 12:00:00+00:00,12,4,6,2025,2,0.0,summer,30.2,34.6,28.0,32.6,1002.7,72.0,10000.0,18.9,234,38,Clear,open-meteo historical data,,,4.600000000000001,175.0,77.27,0.01,0.05,51.65,0.38,25.87,126.94,0.0,0.204,0.06,Poor,33.33,69.2,,,,,,,,,,,,,,,,,
2025-06-05 12:00:00+00:00,12,5,6,2025,3,0.0,summer,30.3,34.8,28.3,32.7,1006.6,69.0,10000.0,15.4,240,24,Clear,open-meteo historical data,,,4.400000000000002,125.0,74.61,0.01,0.04,47.87,0.22,11.77,55.46,0.0,0.212,0.05,Moderate,-25.0,-50.57,,,,,,,,,,,,,,,,,
2025-06-06 12:00:00+00:00,12,6,6,2025,4,0.0,summer,30.3,34.2,28.0,33.2,1007.8,68.0,10000.0,17.9,258,25,Clear,open-meteo historical data,,,5.200000000000003,125.0,80.08,0.0,0.03,50.56,0.16,12.87,65.95,0.0,0.195,0.03,Moderate,-25.0,-50.06,,,,,,,,,,,,,,,,,
2025-06-07 12:00:00+00:00,12,7,6,2025,5,1.0,summer,30.0,33.9,27.9,32.6,1007.1,71.0,10000.0,20.6,259,11,Clear,open-meteo historical data,,,4.700000000000003,125.0,78.48,0.01,0.03,46.73,0.19,13.26,67.9,0.0,0.195,0.04,Moderate,-25.0,-58.83,,,,,,,,,,,,,,,,,
2025-06-08 12:00:00+00:00,12,8,6,2025,6,1.0,summer,30.1,34.0,28.1,32.5,1006.6,70.0,10000.0,20.1,256,12,Clear,open-meteo historical data,,,4.399999999999999,75.0,80.29,0.01,0.03,52.39,0.19,10.63,48.77,0.0,0.218,0.04,Fair,-50.0,-71.0,,,,,,,,,,,,,,,,,
2025-06-09 12:00:00+00:00,12,9,6,2025,0,0.0,summer,30.0,33.8,28.1,32.4,1005.4,69.0,10000.0,20.8,255,17,Clear,open-meteo historical data,,,4.299999999999997,25.0,70.1,0.01,0.03,34.88,0.18,4.26,16.68,0.0,0.255,0.04,Good,-66.67,-80.66,,,,,,,,,,,,,,,,,
2025-06-10 12:00:00+00:00,12,10,6,2025,1,0.0,summer,30.4,34.0,28.4,33.1,1003.4,68.0,10000.0,21.7,250,27,Clear,open-meteo historical data,,,4.700000000000003,75.0,77.42,0.01,0.03,40.77,0.21,8.38,32.72,0.0,0.256,0.04,Fair,-33.33,-57.09,,,,,,,,,,,,,,,,,
2025-06-11 12:00:00+00:00,12,11,6,2025,2,0.0,summer,30.3,34.6,28.5,32.9,1002.6,73.0,10000.0,20.9,253,46,Clear,open-meteo historical data,,,4.399999999999999,75.0,78.44,0.01,0.04,42.03,0.27,9.89,36.4,0.0,0.272,0.05,Fair,-50.0,-60.2,,,,,,,,,,,,,,,,,
2025-06-12 12:00:00+00:00,12,12,6,2025,3,0.0,summer,30.3,35.6,28.2,33.0,1000.9,77.0,10000.0,20.0,257,35,Clear,open-meteo historical data,,,4.800000000000001,75.0,73.68,0.01,0.04,35.44,0.34,8.68,37.74,0.0,0.23,0.05,Fair,-50.0,-62.86,,,,,,,,,,,,,,,,,
2025-06-13 12:00:00+00:00,12,13,6,2025,4,0.0,summer,30.8,37.3,28.2,35.4,999.1,80.0,10000.0,19.1,226,27,Clear,open-meteo historical data,,,7.199999999999999,125.0,74.68,0.01,0.06,39.89,0.44,15.29,67.55,0.0,0.226,0.07,Moderate,-25.0,-49.52,,,,,,,,,,,,,,,,,
2025-06-14 12:00:00+00:00,12,14,6,2025,5,1.0,summer,30.3,37.2,27.9,32.8,997.3,82.0,10000.0,15.0,184,20,Clear,open-meteo historical data,,,4.899999999999999,175.0,76.54,0.01,0.07,46.39,0.46,23.81,110.73,0.0,0.215,0.08,Poor,0.0,-29.7,,,,,,,,,,,,,,,,,
2025-06-15 12:00:00+00:00,12,15,6,2025,6,1.0,summer,30.5,37.2,27.8,33.4,996.4,79.0,10000.0,13.0,184,21,Clear,open-meteo historical data,,,5.599999999999998,175.0,77.77,0.01,0.07,46.05,0.47,25.77,105.7,0.0,0.244,0.08,Poor,0.0,-20.93,,,,,,,,,,,,,,,,,
2025-06-16 12:00:00+00:00,12,16,6,2025,0,0.0,summer,31.9,38.7,28.9,38.0,996.3,75.0,10000.0,15.8,256,74,Rain,open-meteo historical data,,,9.1,175.0,83.46,0.0,0.06,53.71,0.22,32.21,148.55,0.0,0.217,0.06,Poor,0.0,-13.9,,,,,,,,,,,,,,,,,
2025-06-17 12:00:00+00:00,12,17,6,2025,1,0.0,summer,31.8,37.6,28.5,36.1,997.5,73.0,10000.0,16.4,270,80,Clouds,open-meteo historical data,,,7.600000000000001,175.0,82.87,0.0,0.05,45.35,0.34,36.66,148.55,0.0,0.247,0.05,Poor,0.0,-15.72,,,,,,,,,,,,,,,,,
2025-06-18 12:00:00+00:00,12,18,6,2025,2,0.0,summer,30.5,35.6,28.3,33.5,998.2,77.0,10000.0,22.0,258,66,Clear,open-meteo historical data,,,5.199999999999999,125.0,81.56,0.01,0.05,53.88,0.4,22.03,99.71,0.0,0.221,0.06,Moderate,-25.0,-45.29,,,,,,,,,,,,,,,,,
2025-06-19 12:00:00+00:00,12,19,6,2025,3,0.0,summer,30.3,34.3,28.8,32.4,997.0,76.0,10000.0,26.8,253,77,Clouds,open-meteo historical data,,,3.599999999999998,125.0,77.21,0.01,0.05,48.04,0.45,19.53,87.34,0.0,0.224,0.06,Moderate,50.0,114.62,,,,,,,,,,,,,,,,,
2025-06-20 12:00:00+00:00,12,20,6,2025,4,0.0,summer,30.0,35.3,28.7,31.5,998.3,83.0,10000.0,23.6,235,80,Rain,open-meteo historical data,,,2.8000000000000007,175.0,83.52,0.01,0.04,54.55,0.44,24.85,108.6,0.0,0.229,0.05,Poor,0.0,3.03,,,,,,,,,,,,,,,,,
2025-06-21 12:00:00+00:00,12,21,6,2025,5,1.0,summer,30.1,35.6,28.7,31.8,999.3,83.0,10000.0,22.3,239,97,Rain,open-meteo historical data,,,3.1000000000000014,175.0,76.73,0.0,0.07,51.6,0.5,23.37,110.28,0.0,0.212,0.07,Poor,33.33,14.56,,,,,,,,,,,,,,,,,
2025-06-22 12:00:00+00:00,12,22,6,2025,6,1.0,summer,29.9,35.4,28.5,32.1,997.7,80.0,10000.0,19.2,245,100,Rain,open-meteo historical data,,,3.6000000000000014,175.0,80.78,0.0,0.09,56.59,0.45,30.29,142.17,0.0,0.213,0.09,Poor,33.33,70.26,,,,,,,,,,,,,,,,,
2025-06-23 12:00:00+00:00,12,23,6,2025,0,0.0,summer,30.2,36.0,28.5,32.5,996.3,80.0,10000.0,18.1,232,84,Rain,open-meteo historical data,,,4.0,175.0,82.21,0.01,0.07,54.71,0.48,33.87,151.62,0.0,0.223,0.08,Poor,33.33,77.98,,,,,,,,,,,,,,,,,
2025-06-24 12:00:00+00:00,12,24,6,2025,1,0.0,summer,30.3,36.4,28.3,32.8,995.5,79.0,10000.0,17.2,212,62,Clear,open-meteo historical data,,,4.4999999999999964,175.0,80.0,0.01,0.06,49.65,0.5,32.59,144.17,0.0,0.226,0.07,Poor,33.33,13.99,,,,,,,,,,,,,,,,,
2025-06-25 12:00:00+00:00,12,25,6,2025,2,0.0,summer,30.0,36.1,28.4,32.2,996.5,79.0,10000.0,13.9,177,79,Clouds,open-meteo historical data,,,3.800000000000004,175.0,90.84,0.0,0.1,64.19,0.55,37.41,161.78,0.0,0.231,0.1,Poor,0.0,-13.64,,,,,,,,,,,,,,,,,
2025-06-26 12:00:00+00:00,12,26,6,2025,3,0.0,summer,31.0,37.7,28.6,34.2,997.9,77.0,10000.0,12.6,218,91,Clouds,open-meteo historical data,,,5.600000000000001,175.0,88.99,0.0,0.08,59.59,0.32,43.5,167.67,0.0,0.259,0.08,Poor,0.0,47.16,,,,,,,,,,,,,,,,,
2025-06-27 12:00:00+00:00,12,27,6,2025,4,0.0,summer,29.4,35.5,27.0,35.9,997.4,83.0,10000.0,12.5,315,99,Rain,open-meteo historical data,,,8.899999999999999,175.0,89.4,0.0,0.11,60.33,0.34,40.27,137.24,0.55,0.293,0.11,Poor,0.0,24.06,,,,,,,,,,,,,,,,,
2025-06-28 12:00:00+00:00,12,28,6,2025,5,1.0,summer,27.9,33.3,26.7,29.6,997.2,87.0,10000.0,16.5,271,99,Rain,open-meteo historical data,,,2.900000000000002,75.0,80.26,0.0,0.08,63.45,0.15,9.1,13.17,0.01,0.691,0.08,Fair,-50.0,-67.04,,,,,,,,,,,,,,,,,
2025-06-29 12:00:00+00:00,12,29,6,2025,6,1.0,summer,29.1,35.3,27.5,30.3,996.4,85.0,10000.0,17.1,232,66,Rain,open-meteo historical data,,,2.8000000000000007,,,,,,,,,,,,,,,,,,,,,,,,,,,,,,,
2025-06-30 12:00:00+00:00,12,30,6,2025,0,0.0,summer,29.9,35.1,28.3,31.6,997.3,81.0,10000.0,22.1,244,66,Rain,open-meteo historical data,,,3.3000000000000007,175.0,68.67,0.0,0.08,38.48,0.53,24.12,115.76,0.0,0.208,0.08,Poor,0.0,-2.66,,,,,,,,,,,,,,,,,
2025-07-01 12:00:00+00:00,12,1,7,2025,1,0.0,summer,29.8,35.4,28.0,32.0,998.2,81.0,10000.0,18.3,241,79,Rain,open-meteo historical data,,,4.0,125.0,71.81,0.01,0.06,42.64,0.42,20.4,95.71,0.0,0.213,0.07,Moderate,0.0,47.61,,,,,,,,,,,,,,,,,
2025-07-02 12:00:00+00:00,12,2,7,2025,2,0.0,summer,29.8,35.5,27.9,31.6,997.8,81.0,10000.0,16.8,238,82,Rain,open-meteo historical data,,,3.700000000000003,125.0,71.14,0.01,0.06,41.09,0.43,17.79,76.25,0.0,0.233,0.07,Moderate,0.0,10.84,,,,,,,,,,,,,,,,,
2025-07-03 12:00:00+00:00,12,3,7,2025,3,0.0,summer,30.1,36.2,28.1,32.5,998.1,80.0,10000.0,13.5,246,100,Clouds,open-meteo historical data,,,4.399999999999999,125.0,70.47,0.0,0.09,41.89,0.34,19.03,80.7,0.0,0.236,0.09,Moderate,0.0,-6.62,,,,,,,,,,,,,,,,,
2025-07-04 12:00:00+00:00,12,4,7,2025,4,0.0,summer,30.4,36.5,28.7,33.1,998.7,78.0,10000.0,15.1,243,100,Clouds,open-meteo historical data,,,4.400000000000002,125.0,74.6,0.0,0.09,45.54,0.25,28.59,90.14,0.12,0.317,0.09,Moderate,-25.0,11.12,,,,,,,,,,,,,,,,,
2025-07-05 12:00:00+00:00,12,5,7,2025,5,1.0,summer,31.0,36.7,28.7,33.8,997.8,75.0,10000.0,16.6,238,64,Clear,open-meteo historical data,,,5.099999999999998,175.0,86.16,0.0,0.08,60.95,0.39,43.32,186.7,0.0,0.232,0.08,Poor,0.0,88.1,,,,,,,,,,,,,,,,,
2025-07-06 12:00:00+00:00,12,6,7,2025,6,1.0,summer,30.5,35.9,28.7,32.4,997.0,76.0,10000.0,17.8,238,73,Rain,open-meteo historical data,,,3.6999999999999993,175.0,72.19,0.0,0.08,48.84,0.6,29.56,144.67,0.0,0.204,0.08,Poor,0.0,20.7,,,,,,,,,,,,,,,,,
2025-07-07 12:00:00+00:00,12,7,7,2025,0,0.0,summer,30.4,36.4,28.6,33.1,997.4,76.0,10000.0,13.5,197,84,Clouds,open-meteo historical data,,,4.5,175.0,76.43,0.0,0.09,57.51,0.44,32.46,146.68,0.0,0.221,0.09,Poor,0.0,36.79,,,,,,,,,,,,,,,,,
2025-07-08 12:00:00+00:00,12,8,7,2025,1,0.0,summer,30.8,36.6,28.6,33.7,998.8,74.0,10000.0,17.0,208,44,Clear,open-meteo historical data,,,5.100000000000001,175.0,72.78,0.01,0.06,44.49,0.48,27.61,109.69,0.0,0.252,0.07,Poor,33.33,40.94,,,,,,,,,,,,,,,,,
2025-07-09 12:00:00+00:00,12,9,7,2025,2,0.0,summer,30.5,36.6,28.3,32.7,998.8,78.0,10000.0,14.7,208,38,Clear,open-meteo historical data,,,4.400000000000002,175.0,75.42,0.01,0.05,43.98,0.48,31.92,173.24,0.0,0.184,0.06,Poor,33.33,56.93,,,,,,,,,,,,,,,,,
2025-07-10 12:00:00+00:00,12,10,7,2025,3,0.0,summer,30.2,35.9,28.4,32.3,999.8,76.0,10000.0,13.5,211,87,Rain,open-meteo historical data,,,3.899999999999999,175.0,74.81,0.01,0.07,44.01,0.49,24.78,122.95,0.0,0.202,0.08,Poor,0.0,9.07,,,,,,,,,,,,,,,,,
2025-07-11 12:00:00+00:00,12,11,7,2025,4,0.0,summer,30.3,35.9,28.3,32.8,1001.4,76.0,10000.0,16.0,238,86,Clouds,open-meteo historical data,,,4.4999999999999964,125.0,74.05,0.01,0.06,41.66,0.31,13.82,59.11,0.0,0.234,0.07,Moderate,0.0,-21.48,,,,,,,,,,,,,,,,,
2025-07-12 12:00:00+00:00,12,12,7,2025,5,1.0,summer,30.1,34.8,28.3,32.1,1002.4,74.0,10000.0,16.1,245,51,Clear,open-meteo historical data,,,3.8000000000000007,125.0,73.55,0.01,0.06,38.46,0.3,16.05,64.8,0.0,0.248,0.07,Moderate,50.0,22.43,,,,,,,,,,,,,,,,,
2025-07-13 12:00:00+00:00,12,13,7,2025,6,1.0,summer,29.8,34.4,28.1,32.2,1001.4,76.0,10000.0,17.7,251,58,Clear,open-meteo historical data,,,4.100000000000001,125.0,78.69,0.01,0.06,39.64,0.29,20.38,83.8,0.0,0.243,0.07,Moderate,0.0,15.01,,,,,,,,,,,,,,,,,
2025-07-14 12:00:00+00:00,12,14,7,2025,0,0.0,summer,29.9,34.7,27.9,32.3,999.6,78.0,10000.0,18.2,251,71,Rain,open-meteo historical data,,,4.399999999999999,175.0,75.57,0.01,0.06,41.09,0.44,25.73,113.83,0.0,0.226,0.07,Poor,33.33,11.68,,,,,,,,,,,,,,,,,
2025-07-15 12:00:00+00:00,12,15,7,2025,1,0.0,summer,29.9,34.6,27.8,32.2,999.7,73.0,10000.0,15.8,244,94,Clouds,open-meteo historical data,,,4.400000000000002,175.0,78.01,0.01,0.06,42.66,0.4,23.03,104.23,0.0,0.221,0.07,Poor,33.33,-10.07,,,,,,,,,,,,,,,,,
2025-07-16 12:00:00+00:00,12,16,7,2025,2,0.0,summer,29.9,34.6,27.7,32.1,1000.2,73.0,10000.0,16.6,232,56,Clear,open-meteo historical data,,,4.400000000000002,175.0,74.03,0.01,0.05,38.13,0.4,24.49,108.17,0.0,0.226,0.06,Poor,0.0,-7.97,,,,,,,,,,,,,,,,,
2025-07-17 12:00:00+00:00,12,17,7,2025,3,0.0,summer,29.7,34.7,28.1,31.7,1001.5,75.0,10000.0,16.5,223,91,Rain,open-meteo historical data,,,3.599999999999998,175.0,76.51,0.0,0.06,40.04,0.37,23.73,110.71,0.0,0.214,0.06,Poor,0.0,-24.98,,,,,,,,,,,,,,,,,
2025-07-18 12:00:00+00:00,12,18,7,2025,4,0.0,summer,30.4,35.1,28.1,33.2,1001.4,70.0,10000.0,14.7,241,93,Clouds,open-meteo historical data,,,5.100000000000001,125.0,76.63,0.01,0.06,38.3,0.24,19.59,78.33,0.0,0.25,0.07,Moderate,-25.0,-32.38,,,,,,,,,,,,,,,,,
2025-07-19 12:00:00+00:00,12,19,7,2025,5,1.0,summer,30.1,34.7,28.1,33.0,998.2,74.0,10000.0,18.3,258,89,Clouds,open-meteo historical data,,,4.899999999999999,125.0,77.16,0.01,0.07,40.03,0.32,20.34,75.17,0.0,0.271,0.08,Moderate,-25.0,-32.45,,,,,,,,,,,,,,,,,
2025-07-20 12:00:00+00:00,12,20,7,2025,6,1.0,summer,29.7,34.7,27.6,32.1,997.5,77.0,10000.0,14.2,251,95,Rain,open-meteo historical data,,,4.5,175.0,75.39,0.01,0.07,44.17,0.38,22.72,101.59,0.0,0.224,0.08,Poor,0.0,-34.88,,,,,,,,,,,,,,,,,
2025-07-21 12:00:00+00:00,12,21,7,2025,0,0.0,summer,30.1,35.4,27.6,32.3,999.5,76.0,10000.0,16.3,237,87,Clouds,open-meteo historical data,,,4.699999999999996,125.0,73.41,0.0,0.05,47.04,0.27,17.6,67.69,0.0,0.26,0.05,Moderate,-25.0,-41.1,,,,,,,,,,,,,,,,,
2025-07-22 12:00:00+00:00,12,22,7,2025,1,0.0,summer,30.1,34.8,28.2,32.6,999.7,75.0,10000.0,19.3,237,83,Rain,open-meteo historical data,,,4.400000000000002,75.0,72.06,0.0,0.05,43.03,0.24,13.11,43.32,0.0,0.303,0.05,Fair,-33.33,-35.89,,,,,,,,,,,,,,,,,
2025-07-23 12:00:00+00:00,12,23,7,2025,2,0.0,summer,29.3,33.5,27.7,30.8,996.7,78.0,10000.0,21.5,243,71,Rain,open-meteo historical data,,,3.1000000000000014,125.0,73.32,0.01,0.05,46.41,0.42,17.72,76.57,0.0,0.231,0.06,Moderate,0.0,6.55,,,,,,,,,,,,,,,,,
2025-07-24 12:00:00+00:00,12,24,7,2025,3,0.0,summer,29.7,34.5,27.6,32.1,996.1,77.0,10000.0,16.6,235,47,Rain,open-meteo historical data,,,4.5,125.0,76.16,0.01,0.05,44.88,0.4,23.04,96.32,0.0,0.239,0.06,Moderate,0.0,48.84,,,,,,,,,,,,,,,,,
2025-07-25 12:00:00+00:00,12,25,7,2025,4,0.0,summer,29.7,34.6,27.6,32.1,996.9,77.0,10000.0,16.0,238,40,Rain,open-meteo historical data,,,4.5,125.0,76.89,0.01,0.05,49.56,0.39,25.61,97.75,0.0,0.262,0.06,Moderate,50.0,146.01,,,,,,,,,,,,,,,,,
2025-07-26 12:00:00+00:00,12,26,7,2025,5,1.0,summer,29.7,34.1,27.6,32.0,997.5,75.0,10000.0,18.9,251,70,Rain,open-meteo historical data,,,4.399999999999999,175.0,72.2,0.01,0.05,48.76,0.46,26.61,108.24,0.0,0.246,0.06,Poor,100.0,160.63,,,,,,,,,,,,,,,,,
2025-07-27 12:00:00+00:00,12,27,7,2025,6,1.0,summer,29.4,33.5,27.8,31.5,998.0,76.0,10000.0,19.4,252,95,Rain,open-meteo historical data,,,3.6999999999999993,175.0,72.53,0.0,0.08,51.44,0.57,31.63,158.54,0.0,0.2,0.08,Poor,100.0,208.59,,,,,,,,,,,,,,,,,
2025-07-28 12:00:00+00:00,12,28,7,2025,0,0.0,summer,29.3,33.2,27.8,31.4,998.6,75.0,10000.0,21.1,248,100,Clouds,open-meteo historical data,,,3.599999999999998,175.0,69.78,0.0,0.08,45.34,0.6,28.97,146.99,0.0,0.197,0.08,Poor,33.33,131.39,,,,,,,,,,,,,,,,,
2025-07-29 12:00:00+00:00,12,29,7,2025,1,0.0,summer,29.2,32.8,27.4,31.4,998.3,77.0,10000.0,24.2,251,94,Clouds,open-meteo historical data,,,4.0,175.0,75.09,0.0,0.06,46.58,0.58,30.11,148.04,0.0,0.203,0.06,Poor,33.33,141.07,,,,,,,,,,,,,,,,,
2025-07-30 12:00:00+00:00,12,30,7,2025,2,0.0,summer,28.8,33.2,27.0,31.1,997.4,80.0,10000.0,21.1,236,90,Rain,open-meteo historical data,,,4.100000000000001,175.0,68.62,0.01,0.07,47.96,0.71,34.89,155.45,0.0,0.224,0.08,Poor,33.33,180.24,,,,,,,,,,,,,,,,,
2025-07-31 12:00:00+00:00,12,31,7,2025,3,0.0,summer,28.7,33.8,26.7,31.0,999.3,80.0,10000.0,15.1,217,59,Rain,open-meteo historical data,,,4.300000000000001,175.0,72.33,0.01,0.08,45.46,0.57,29.88,137.84,0.0,0.217,0.09,Poor,33.33,144.92,,,,,,,,,,,,,,,,,
2025-08-01 12:00:00+00:00,12,1,8,2025,4,0.0,summer,28.4,32.8,26.5,30.6,1001.3,80.0,10000.0,19.3,236,59,Rain,open-meteo historical data,,,4.100000000000001,125.0,81.54,0.01,0.05,45.09,0.38,20.45,74.81,0.0,0.273,0.06,Moderate,50.0,83.41,,,,,,,,,,,,,,,,,
2025-08-02 12:00:00+00:00,12,2,8,2025,5,1.0,summer,28.1,32.2,26.5,29.9,1001.8,81.0,10000.0,19.6,244,71,Rain,open-meteo historical data,,,3.3999999999999986,125.0,71.83,0.01,0.05,44.18,0.33,16.63,66.38,0.0,0.251,0.06,Moderate,0.0,26.95,,,,,,,,,,,,,,,,,
2025-08-03 12:00:00+00:00,12,3,8,2025,6,1.0,summer,28.3,32.6,26.5,30.2,1003.0,80.0,10000.0,17.8,239,48,Rain,open-meteo historical data,,,3.6999999999999993,125.0,71.28,0.01,0.05,44.26,0.3,15.48,68.1,0.0,0.227,0.06,Moderate,0.0,-21.26,,,,,,,,,,,,,,,,,
2025-08-04 12:00:00+00:00,12,4,8,2025,0,0.0,summer,28.3,32.4,26.3,30.7,1003.9,79.0,10000.0,19.5,246,69,Rain,open-meteo historical data,,,4.399999999999999,75.0,74.02,0.0,0.04,45.17,0.25,10.41,41.17,0.0,0.253,0.04,Fair,-33.33,-47.05,,,,,,,,,,,,,,,,,
2025-08-05 12:00:00+00:00,12,5,8,2025,1,0.0,summer,28.0,31.7,26.3,30.1,1003.4,80.0,10000.0,20.9,244,97,Rain,open-meteo historical data,,,3.8000000000000007,75.0,77.63,0.0,0.06,43.94,0.31,10.21,44.55,0.0,0.229,0.06,Fair,-33.33,-40.43,,,,,,,,,,,,,,,,,
2025-08-06 12:00:00+00:00,12,6,8,2025,2,0.0,summer,28.0,31.9,26.1,30.1,1003.9,80.0,10000.0,19.6,242,44,Rain,open-meteo historical data,,,4.0,75.0,84.23,0.01,0.05,41.18,0.26,10.25,34.89,0.0,0.294,0.06,Fair,0.0,-24.96,,,,,,,,,,,,,,,,,
2025-08-07 12:00:00+00:00,12,7,8,2025,3,0.0,summer,28.1,32.2,26.2,30.2,1004.2,80.0,10000.0,19.0,249,48,Rain,open-meteo historical data,,,4.0,125.0,89.11,0.01,0.04,41.25,0.26,12.52,56.53,0.0,0.221,0.05,Moderate,50.0,-6.98,,,,,,,,,,,,,,,,,
2025-08-08 12:00:00+00:00,12,8,8,2025,4,0.0,summer,28.3,31.9,26.2,30.7,1005.0,76.0,10000.0,19.3,251,57,Rain,open-meteo historical data,,,4.5,125.0,79.12,0.01,0.04,37.53,0.27,12.49,58.41,0.0,0.214,0.05,Moderate,50.0,4.17,,,,,,,,,,,,,,,,,
2025-08-09 12:00:00+00:00,12,9,8,2025,5,1.0,summer,28.1,32.1,26.3,30.6,1006.0,79.0,10000.0,18.6,253,91,Rain,open-meteo historical data,,,4.300000000000001,125.0,76.14,0.0,0.05,39.43,0.28,12.45,59.05,0.0,0.211,0.05,Moderate,200.0,47.86,,,,,,,,,,,,,,,,,
2025-08-10 12:00:00+00:00,12,10,8,2025,6,1.0,summer,28.0,31.7,26.2,30.1,1005.0,79.0,10000.0,18.7,251,55,Rain,open-meteo historical data,,,3.900000000000002,125.0,73.35,0.01,0.05,36.19,0.28,12.2,54.43,0.0,0.224,0.06,Moderate,200.0,55.61,,,,,,,,,,,,,,,,,
2025-08-11 12:00:00+00:00,12,11,8,2025,0,0.0,summer,27.8,31.1,26.3,29.3,1004.1,79.0,10000.0,21.4,251,84,Rain,open-meteo historical data,,,3.0,75.0,73.71,0.01,0.05,35.8,0.34,11.15,48.74,0.0,0.229,0.06,Fair,100.0,215.86,,,,,,,,,,,,,,,,,
2025-08-12 12:00:00+00:00,12,12,8,2025,1,0.0,summer,27.9,31.4,26.4,29.5,1001.9,78.0,10000.0,22.0,248,96,Rain,open-meteo historical data,,,3.1000000000000014,125.0,73.53,0.01,0.06,36.6,0.44,13.1,59.69,0.0,0.219,0.07,Moderate,200.0,104.05,,,,,,,,,,,,,,,,,
2025-08-13 12:00:00+00:00,12,13,8,2025,2,0.0,summer,28.1,32.9,26.6,29.8,1000.3,81.0,10000.0,17.6,224,99,Rain,open-meteo historical data,,,3.2,125.0,74.27,0.01,0.09,39.24,0.49,19.66,95.0,0.0,0.207,0.1,Moderate,0.0,8.98,,,,,,,,,,,,,,,,,
2025-08-14 12:00:00+00:00,12,14,8,2025,3,0.0,summer,28.6,34.5,26.7,30.6,1001.4,82.0,10000.0,13.7,173,96,Clouds,open-meteo historical data,,,3.900000000000002,125.0,77.53,0.0,0.11,40.8,0.32,19.66,86.1,0.0,0.228,0.11,Moderate,0.0,2.13,,,,,,,,,,,,,,,,,
2025-08-15 12:00:00+00:00,12,15,8,2025,4,0.0,summer,29.4,35.2,27.2,32.7,1001.3,77.0,10000.0,13.4,229,71,Clouds,open-meteo historical data,,,5.500000000000004,125.0,80.36,0.01,0.06,38.42,0.16,17.14,55.99,0.0,0.306,0.07,Moderate,0.0,-13.22,,,,,,,,,,,,,,,,,
2025-08-16 12:00:00+00:00,12,16,8,2025,5,1.0,summer,29.5,35.3,27.1,32.9,1000.1,78.0,10000.0,14.6,253,81,Clouds,open-meteo historical data,,,5.799999999999997,75.0,82.14,0.0,0.06,36.65,0.08,13.66,41.45,0.0,0.33,0.06,Fair,-33.33,-28.44,,,,,,,,,,,,,,,,,
2025-08-17 12:00:00+00:00,12,17,8,2025,6,1.0,summer,30.1,36.0,27.5,33.1,999.6,76.0,10000.0,13.1,266,69,Clear,open-meteo historical data,,,5.600000000000001,75.0,86.52,0.01,0.05,35.38,0.07,13.46,39.55,0.0,0.34,0.06,Fair,-33.33,-26.08,,,,,,,,,,,,,,,,,
2025-08-18 12:00:00+00:00,12,18,8,2025,0,0.0,summer,30.4,36.9,27.6,35.4,1000.6,78.0,10000.0,12.7,280,70,Rain,open-meteo historical data,,,7.799999999999997,75.0,84.58,0.01,0.06,30.14,0.12,11.99,28.49,0.0,0.421,0.07,Fair,-33.33,-13.37,,,,,,,,,,,,,,,,,
2025-08-19 12:00:00+00:00,12,19,8,2025,1,0.0,summer,28.5,34.8,26.6,32.2,1000.4,87.0,10000.0,10.6,298,99,Rain,open-meteo historical data,,,5.600000000000001,25.0,80.07,0.0,0.11,36.62,0.14,8.42,11.27,0.0,0.747,0.11,Good,-50.0,-37.12,,,,,,,,,,,,,,,,,
2025-08-20 12:00:00+00:00,12,20,8,2025,2,0.0,summer,28.6,35.5,26.3,33.0,999.3,87.0,10000.0,12.2,299,98,Rain,open-meteo historical data,,,6.699999999999999,25.0,97.36,0.01,0.15,39.7,0.38,7.84,14.04,0.0,0.558,0.16,Good,-66.67,-68.74,,,,,,,,,,,,,,,,,
2025-08-21 12:00:00+00:00,12,21,8,2025,3,0.0,summer,28.1,35.0,26.5,31.6,1001.7,90.0,10000.0,12.1,253,91,Rain,open-meteo historical data,,,5.100000000000001,25.0,100.85,0.0,0.08,39.98,0.12,3.53,5.82,0.0,0.607,0.08,Good,-66.67,-79.97,,,,,,,,,,,,,,,,,
2025-08-22 12:00:00+00:00,12,22,8,2025,4,0.0,summer,28.1,33.3,26.8,29.8,1001.2,87.0,10000.0,16.8,248,80,Rain,open-meteo historical data,,,3.0,25.0,127.7,0.0,0.12,47.17,0.24,6.42,12.51,0.0,0.513,0.12,Good,-66.67,-61.42,,,,,,,,,,,,,,,,,
2025-08-23 12:00:00+00:00,12,23,8,2025,5,1.0,summer,28.2,32.8,26.9,29.9,1000.1,85.0,10000.0,21.1,252,86,Rain,open-meteo historical data,,,3.0,125.0,88.86,0.01,0.07,37.85,0.42,18.04,59.73,0.0,0.302,0.08,Moderate,0.0,6.12,,,,,,,,,,,,,,,,,
2025-08-24 12:00:00+00:00,12,24,8,2025,6,1.0,summer,28.1,33.2,26.7,30.1,1001.2,87.0,10000.0,22.6,246,71,Rain,open-meteo historical data,,,3.400000000000002,125.0,86.6,0.01,0.07,38.92,0.54,19.25,88.69,0.0,0.217,0.08,Moderate,0.0,7.12,,,,,,,,,,,,,,,,,
2025-08-25 12:00:00+00:00,12,25,8,2025,0,0.0,summer,28.1,33.7,26.4,29.9,1001.7,87.0,10000.0,15.4,241,50,Rain,open-meteo historical data,,,3.5,125.0,77.15,0.01,0.09,36.0,0.52,19.75,91.95,0.0,0.215,0.1,Moderate,0.0,27.5,,,,,,,,,,,,,,,,,
2025-08-26 12:00:00+00:00,12,26,8,2025,1,0.0,summer,28.0,33.7,26.2,30.0,1002.9,86.0,10000.0,13.2,232,44,Clear,open-meteo historical data,,,3.8000000000000007,125.0,81.71,0.01,0.09,36.69,0.38,19.09,75.52,0.0,0.253,0.1,Moderate,0.0,39.14,,,,,,,,,,,,,,,,,
2025-08-27 12:00:00+00:00,12,27,8,2025,2,0.0,summer,28.0,33.4,26.0,30.3,1003.0,85.0,10000.0,13.0,250,66,Clear,open-meteo historical data,,,4.300000000000001,125.0,109.89,0.01,0.07,40.95,0.27,18.21,68.83,0.0,0.265,0.08,Moderate,50.0,35.09,,,,,,,,,,,,,,,,,
2025-08-28 12:00:00+00:00,12,28,8,2025,3,0.0,summer,28.0,33.4,26.0,30.9,1002.3,83.0,10000.0,14.7,257,57,Clear,open-meteo historical data,,,4.899999999999999,125.0,112.62,0.01,0.05,41.05,0.17,13.84,50.13,0.0,0.276,0.06,Moderate,0.0,-26.27,,,,,,,,,,,,,,,,,
2025-08-29 12:00:00+00:00,12,29,8,2025,4,0.0,summer,27.8,33.1,25.9,29.8,1002.2,85.0,10000.0,15.0,235,85,Clouds,open-meteo historical data,,,3.900000000000002,75.0,131.31,0.0,0.06,47.34,0.19,13.39,43.3,0.0,0.309,0.06,Fair,-33.33,-31.58,,,,,,,,,,,,,,,,,
2025-08-30 12:00:00+00:00,12,30,8,2025,5,1.0,summer,28.3,33.9,26.1,30.9,1003.8,83.0,10000.0,13.6,234,91,Clouds,open-meteo historical data,,,4.799999999999997,125.0,132.74,0.01,0.06,45.65,0.21,25.08,97.45,0.0,0.257,0.07,Moderate,50.0,85.23,,,,,,,,,,,,,,,,,
2025-08-31 12:00:00+00:00,12,31,8,2025,6,1.0,summer,28.3,32.5,26.4,30.8,1002.7,79.0,10000.0,18.3,247,74,Clouds,open-meteo historical data,,,4.400000000000002,125.0,89.61,0.01,0.07,38.41,0.34,17.62,68.82,0.0,0.256,0.08,Moderate,200.0,99.1,,,,,,,,,,,,,,,,,
2025-09-01 12:00:00+00:00,12,1,9,2025,0,0.0,autumn,28.1,31.7,26.2,30.7,1000.6,78.0,10000.0,19.5,252,49,Rain,open-meteo historical data,,,4.5,125.0,94.36,0.01,0.06,47.6,0.54,16.64,68.17,0.0,0.244,0.07,Moderate,200.0,113.06,,,,,,,,,,,,,,,,,
2025-09-02 12:00:00+00:00,12,2,9,2025,1,0.0,autumn,28.1,32.2,26.1,30.4,1001.8,77.0,10000.0,15.5,245,45,Clear,open-meteo historical data,,,4.299999999999997,125.0,81.33,0.01,0.06,42.98,0.54,17.0,72.98,0.0,0.233,0.07,Moderate,200.0,150.74,,,,,,,,,,,,,,,,,
2025-09-03 12:00:00+00:00,12,3,9,2025,2,0.0,autumn,28.5,32.6,25.8,31.5,1003.6,73.0,10000.0,15.2,249,25,Clear,open-meteo historical data,,,5.699999999999999,125.0,85.2,0.01,0.06,43.1,0.36,17.97,72.27,0.0,0.249,0.07,Moderate,200.0,234.01,,,,,,,,,,,,,,,,,
2025-09-04 12:00:00+00:00,12,4,9,2025,3,0.0,autumn,28.2,32.7,25.6,31.4,1004.6,77.0,10000.0,14.8,270,34,Clear,open-meteo historical data,,,5.799999999999997,125.0,92.32,0.01,0.04,46.6,0.26,15.49,61.49,0.0,0.252,0.05,Moderate,200.0,301.3,,,,,,,,,,,,,,,,,
2025-09-05 12:00:00+00:00,12,5,9,2025,4,0.0,autumn,28.8,33.5,25.8,32.9,1004.4,78.0,10000.0,16.9,274,26,Clear,open-meteo historical data,,,7.099999999999998,125.0,92.52,0.0,0.04,46.9,0.36,13.72,54.11,0.0,0.254,0.04,Moderate,200.0,206.94,,,,,,,,,,,,,,,,,
2025-09-06 12:00:00+00:00,12,6,9,2025,5,1.0,autumn,28.6,33.2,26.3,32.3,1003.7,79.0,10000.0,17.9,273,70,Clear,open-meteo historical data,,,5.9999999999999964,75.0,90.29,0.01,0.05,44.82,0.4,13.48,46.88,0.0,0.288,0.06,Fair,0.0,81.67,,,,,,,,,,,,,,,,,
2025-09-07 12:00:00+00:00,12,7,9,2025,6,1.0,autumn,28.4,32.6,26.4,31.9,1002.4,77.0,10000.0,19.6,274,88,Clouds,open-meteo historical data,,,5.5,125.0,88.11,0.0,0.07,44.02,0.61,18.77,83.2,0.0,0.226,0.07,Moderate,50.0,101.39,,,,,,,,,,,,,,,,,
2025-09-08 12:00:00+00:00,12,8,9,2025,0,0.0,autumn,27.1,31.8,26.1,29.2,1002.1,87.0,10000.0,18.9,278,100,Rain,open-meteo historical data,,,3.099999999999998,125.0,80.51,0.0,0.11,48.68,0.54,19.57,71.64,0.0,0.273,0.11,Moderate,50.0,186.53,,,,,,,,,,,,,,,,,
2025-09-09 12:00:00+00:00,12,9,9,2025,1,0.0,autumn,26.0,30.4,25.4,27.9,1003.7,92.0,10000.0,21.0,273,99,Rain,open-meteo historical data,,,2.5,75.0,81.2,0.0,0.11,46.86,0.38,13.54,33.48,0.0,0.404,0.11,Fair,0.0,126.8,,,,,,,,,,,,,,,,,
2025-09-10 12:00:00+00:00,12,10,9,2025,2,0.0,autumn,26.4,30.7,25.4,28.2,1006.8,88.0,10000.0,19.0,179,74,Rain,open-meteo historical data,,,2.8000000000000007,25.0,80.81,0.0,0.1,41.95,0.27,8.85,14.02,0.0,0.631,0.1,Good,0.0,150.71,,,,,,,,,,,,,,,,,
2025-09-11 12:00:00+00:00,12,11,9,2025,3,0.0,autumn,26.5,31.3,25.4,27.7,1006.9,88.0,10000.0,13.4,232,60,Rain,open-meteo historical data,,,2.3000000000000007,25.0,78.84,0.01,0.06,34.43,0.27,7.81,18.14,0.0,0.431,0.07,Good,0.0,226.78,,,,,,,,,,,,,,,,,
2025-09-12 12:00:00+00:00,12,12,9,2025,4,0.0,autumn,27.2,32.0,25.5,28.8,1007.8,84.0,10000.0,14.4,245,18,Rain,open-meteo historical data,,,3.3000000000000007,25.0,76.32,0.01,0.05,33.19,0.21,6.78,12.69,0.0,0.534,0.06,Good,0.0,176.73,,,,,,,,,,,,,,,,,
2025-09-13 12:00:00+00:00,12,13,9,2025,5,1.0,autumn,27.5,32.2,25.8,29.3,1008.2,81.0,10000.0,13.9,247,35,Clear,open-meteo historical data,,,3.5,25.0,76.5,0.01,0.04,34.17,0.13,5.38,9.76,0.0,0.551,0.05,Good,0.0,100.75,,,,,,,,,,,,,,,,,
2025-09-14 12:00:00+00:00,12,14,9,2025,6,1.0,autumn,27.6,31.7,26.0,29.6,1007.7,81.0,10000.0,17.1,259,51,Clear,open-meteo historical data,,,3.6000000000000014,25.0,74.99,0.01,0.04,33.12,0.21,3.86,9.21,0.0,0.419,0.05,Good,0.0,-13.45,,,,,,,,,,,,,,,,,
2025-09-15 12:00:00+00:00,12,15,9,2025,0,0.0,autumn,27.5,31.2,26.2,28.8,1005.6,82.0,10000.0,21.8,259,70,Clear,open-meteo historical data,,,2.6000000000000014,25.0,74.1,0.0,0.05,33.81,0.33,4.47,13.36,0.0,0.335,0.05,Good,-50.0,-41.64,,,,,,,,,,,,,,,,,
2025-09-16 12:00:00+00:00,12,16,9,2025,1,0.0,autumn,27.7,32.2,26.3,29.1,1004.7,84.0,10000.0,19.0,249,79,Rain,open-meteo historical data,,,2.8000000000000007,75.0,78.46,0.01,0.06,37.33,0.43,7.42,28.5,0.0,0.26,0.07,Fair,0.0,2.77,,,,,,,,,,,,,,,,,
2025-09-17 12:00:00+00:00,12,17,9,2025,2,0.0,autumn,27.6,32.8,25.7,29.7,1005.6,85.0,10000.0,13.6,244,56,Clear,open-meteo historical data,,,4.0,75.0,85.82,0.01,0.07,44.64,0.36,9.32,43.56,0.0,0.214,0.08,Fair,0.0,-3.22,,,,,,,,,,,,,,,,,
2025-09-18 12:00:00+00:00,12,18,9,2025,3,0.0,autumn,27.4,32.8,25.7,29.8,1005.8,86.0,10000.0,13.6,246,71,Clouds,open-meteo historical data,,,4.100000000000001,75.0,83.76,0.01,0.05,39.63,0.29,6.83,28.63,0.0,0.239,0.06,Fair,-33.33,-46.89,,,,,,,,,,,,,,,,,
2025-09-19 12:00:00+00:00,12,19,9,2025,4,0.0,autumn,27.3,31.8,25.5,29.3,1007.1,82.0,10000.0,14.8,249,61,Clear,open-meteo historical data,,,3.8000000000000007,75.0,81.56,0.01,0.05,40.99,0.26,5.97,23.56,0.0,0.253,0.06,Fair,-33.33,-58.37,,,,,,,,,,,,,,,,,
2025-09-20 12:00:00+00:00,12,20,9,2025,5,1.0,autumn,27.4,31.6,25.5,29.6,1007.4,80.0,10000.0,15.4,251,72,Rain,open-meteo historical data,,,4.100000000000001,25.0,80.94,0.01,0.05,40.65,0.2,3.53,12.66,0.0,0.279,0.06,Good,-66.67,-83.33,,,,,,,,,,,,,,,,,
2025-09-21 12:00:00+00:00,12,21,9,2025,6,1.0,autumn,27.5,31.2,25.3,30.2,1006.9,75.0,10000.0,16.6,260,58,Clear,open-meteo historical data,,,4.899999999999999,25.0,81.23,0.01,0.04,40.33,0.2,2.39,8.07,0.0,0.296,0.05,Good,-66.67,-91.55,,,,,,,,,,,,,,,,,
2025-09-22 12:00:00+00:00,12,22,9,2025,0,0.0,autumn,27.8,31.3,25.6,30.1,1007.5,76.0,10000.0,16.5,257,78,Clouds,open-meteo historical data,,,4.5,25.0,82.91,0.01,0.06,37.5,0.23,2.45,7.55,0.0,0.325,0.07,Good,-50.0,-77.73,,,,,,,,,,,,,,,,,
2025-09-23 12:00:00+00:00,12,23,9,2025,1,0.0,autumn,27.6,31.2,26.1,29.3,1006.7,77.0,10000.0,19.7,251,77,Rain,open-meteo historical data,,,3.2,25.0,87.01,0.01,0.05,40.5,0.26,2.68,9.04,0.0,0.296,0.06,Good,0.0,-49.24,,,,,,,,,,,,,,,,,
2025-09-24 12:00:00+00:00,12,24,9,2025,2,0.0,autumn,27.5,31.7,25.6,28.9,1004.8,82.0,10000.0,17.7,244,63,Rain,open-meteo historical data,,,3.299999999999997,25.0,84.74,0.01,0.05,39.0,0.29,4.46,15.76,0.0,0.283,0.06,Good,0.0,-45.07,,,,,,,,,,,,,,,,,
2025-09-25 12:00:00+00:00,12,25,9,2025,3,0.0,autumn,27.6,32.5,25.2,29.8,1005.5,82.0,10000.0,13.5,250,43,Clear,open-meteo historical data,,,4.600000000000001,75.0,92.3,0.0,0.04,46.88,0.15,7.66,29.14,0.0,0.263,0.04,Fair,100.0,3.37,,,,,,,,,,,,,,,,,
2025-09-26 12:00:00+00:00,12,26,9,2025,4,0.0,autumn,27.9,32.5,25.0,31.9,1007.4,77.0,10000.0,13.3,263,25,Clear,open-meteo historical data,,,6.899999999999999,75.0,90.82,0.0,0.04,44.75,0.07,7.22,29.75,0.0,0.243,0.04,Fair,-50.0,-66.8,,,,,,,,,,,,,,,,,
2025-09-27 12:00:00+00:00,12,27,9,2025,5,1.0,autumn,28.5,33.3,24.8,33.9,1008.2,78.0,10000.0,13.2,279,16,Clear,open-meteo historical data,,,9.099999999999998,75.0,90.7,0.0,0.03,47.71,0.06,9.63,36.93,0.0,0.261,0.03,Fair,-33.33,-18.53,,,,,,,,,,,,,,,,,
2025-09-28 12:00:00+00:00,12,28,9,2025,6,1.0,autumn,29.1,34.3,25.6,33.9,1005.1,81.0,10000.0,16.5,291,85,Clouds,open-meteo historical data,,,8.299999999999997,125.0,91.07,0.01,0.04,49.4,0.36,12.86,58.09,0.0,0.221,0.05,Moderate,50.0,45.8,,,,,,,,,,,,,,,,,
2025-09-29 12:00:00+00:00,12,29,9,2025,0,0.0,autumn,33.0,36.4,25.9,40.2,1001.0,54.0,10000.0,12.2,6,96,Clouds,open-meteo historical data,,,14.300000000000004,125.0,91.22,0.0,0.1,49.45,0.6,14.34,79.39,0.0,0.181,0.1,Moderate,0.0,1.99,,,,,,,,,,,,,,,,,
2025-09-30 12:00:00+00:00,12,30,9,2025,1,0.0,autumn,30.1,35.3,27.0,35.6,1000.3,72.0,10000.0,12.2,61,37,Rain,open-meteo historical data,,,8.600000000000001,125.0,95.22,0.0,0.09,58.87,0.47,21.18,87.26,0.0,0.243,0.09,Moderate,50.0,108.88,,,,,,,,,,,,,,,,,
2025-10-01 12:00:00+00:00,12,1,10,2025,2,0.0,autumn,30.0,34.6,26.7,33.5,1001.5,70.0,10000.0,13.7,63,9,Clear,open-meteo historical data,,,6.800000000000001,125.0,185.44,0.07,1.1,119.48,4.77,28.29,46.78,0.0,0.605,1.17,Moderate,50.0,325.41,,,,,,,,,,,,,,,,,
2025-10-02 12:00:00+00:00,12,2,10,2025,3,0.0,autumn,30.2,34.1,27.3,34.1,1004.6,66.0,10000.0,16.1,76,14,Clear,open-meteo historical data,,,6.800000000000001,75.0,124.0,0.07,1.25,78.81,3.11,11.0,18.9,0.05,0.582,1.32,Fair,0.0,-25.93,,,,,,,,,,,,,,,,,
2025-10-03 12:00:00+00:00,12,3,10,2025,4,0.0,autumn,28.3,32.3,25.7,31.5,1007.8,77.0,10000.0,18.7,86,95,Rain,open-meteo historical data,,,5.800000000000001,25.0,102.69,0.03,1.85,50.57,0.9,5.28,11.57,0.01,0.456,1.88,Good,-66.67,-82.69,,,,,,,,,,,,,,,,,
2025-10-04 12:00:00+00:00,12,4,10,2025,5,1.0,autumn,28.2,33.1,25.5,31.4,1008.6,80.0,10000.0,15.1,142,74,Rain,open-meteo historical data,,,5.899999999999999,25.0,94.6,0.01,0.09,51.73,0.24,8.12,13.6,0.0,0.597,0.1,Good,-66.67,-64.49,,,,,,,,,,,,,,,,,
2025-10-05 12:00:00+00:00,12,5,10,2025,6,1.0,autumn,28.6,32.9,26.5,31.4,1007.5,77.0,10000.0,18.1,239,31,Rain,open-meteo historical data,,,4.899999999999999,25.0,107.01,0.01,0.05,54.22,0.22,7.41,15.04,0.0,0.493,0.06,Good,-66.67,-79.22,,,,,,,,,,,,,,,,,
2025-10-06 12:00:00+00:00,12,6,10,2025,0,0.0,autumn,28.8,31.2,26.9,31.8,1008.0,68.0,10000.0,21.9,259,7,Clear,open-meteo historical data,,,4.900000000000002,175.0,92.83,0.01,0.06,58.91,0.26,21.75,106.66,0.0,0.204,0.07,Poor,33.33,-41.31,,,,,,,,,,,,,,,,,
2025-10-07 12:00:00+00:00,12,7,10,2025,1,0.0,autumn,28.5,31.2,24.5,32.6,1010.0,62.0,10000.0,15.8,260,0,Clear,open-meteo historical data,,,8.100000000000001,125.0,90.4,0.0,0.05,56.65,0.16,11.82,61.27,0.0,0.193,0.05,Moderate,-25.0,-77.41,,,,,,,,,,,,,,,,,
2025-10-08 12:00:00+00:00,12,8,10,2025,2,0.0,autumn,27.3,30.9,23.8,32.1,1012.0,70.0,10000.0,13.4,274,7,Clear,open-meteo historical data,,,8.3,75.0,90.33,0.01,0.04,53.02,0.07,8.82,44.15,0.0,0.2,0.05,Fair,-33.33,-77.25,,,,,,,,,,,,,,,,,
2025-10-09 12:00:00+00:00,12,9,10,2025,3,0.0,autumn,27.6,30.3,23.7,32.4,1013.2,64.0,10000.0,13.5,272,5,Clear,open-meteo historical data,,,8.7,125.0,98.08,0.01,0.06,66.8,0.29,14.06,60.97,0.0,0.231,0.07,Moderate,0.0,-59.31,,,,,,,,,,,,,,,,,
2025-10-10 12:00:00+00:00,12,10,10,2025,4,0.0,autumn,27.4,30.0,24.0,31.7,1012.0,64.0,10000.0,12.5,270,4,Clear,open-meteo historical data,,,7.699999999999999,75.0,96.9,0.0,0.04,67.72,0.19,10.14,34.79,0.0,0.291,0.04,Fair,-33.33,-66.51,,,,,,,,,,,,,,,,,
2025-10-11 12:00:00+00:00,12,11,10,2025,5,1.0,autumn,27.2,30.2,23.7,31.5,1012.5,66.0,10000.0,10.9,275,8,Clear,open-meteo historical data,,,7.800000000000001,75.0,97.47,0.0,0.03,58.43,0.1,6.65,21.84,0.0,0.304,0.03,Fair,-33.33,-78.04,,,,,,,,,,,,,,,,,
2025-10-12 12:00:00+00:00,12,12,10,2025,6,1.0,autumn,27.9,29.8,23.6,33.1,1012.5,58.0,10000.0,11.0,288,1,Clear,open-meteo historical data,,,9.5,75.0,102.2,0.01,0.09,72.2,0.42,14.85,49.36,0.0,0.301,0.1,Fair,-33.33,-50.96,,,,,,,,,,,,,,,,,
2025-10-13 12:00:00+00:00,12,13,10,2025,0,0.0,autumn,27.5,29.7,23.2,32.5,1012.4,61.0,10000.0,13.0,283,1,Clear,open-meteo historical data,,,9.3,125.0,132.01,0.01,0.15,103.03,1.29,30.5,81.12,0.0,0.376,0.16,Moderate,0.0,0.73,,,,,,,,,,,,,,,,,
2025-10-14 12:00:00+00:00,12,14,10,2025,1,0.0,autumn,27.8,29.9,23.5,33.5,1010.7,61.0,10000.0,13.6,296,2,Clear,open-meteo historical data,,,10.0,125.0,118.36,0.01,0.12,91.89,0.82,22.87,56.73,0.0,0.403,0.13,Moderate,0.0,-24.47,,,,,,,,,,,,,,,,,
2025-10-15 12:00:00+00:00,12,15,10,2025,2,0.0,autumn,28.2,29.3,23.7,34.3,1010.2,53.0,10000.0,15.7,310,0,Clear,open-meteo historical data,,,10.599999999999998,125.0,132.54,0.01,0.19,110.56,1.86,35.66,89.12,0.0,0.4,0.2,Moderate,0.0,17.77,,,,,,,,,,,,,,,,,
2025-10-16 12:00:00+00:00,12,16,10,2025,3,0.0,autumn,29.0,29.1,24.1,34.8,1010.9,40.0,10000.0,13.1,308,0,Clear,open-meteo historical data,,,10.699999999999996,125.0,133.19,0.02,0.28,106.39,2.79,37.06,98.8,0.0,0.375,0.3,Moderate,0.0,22.39,,,,,,,,,,,,,,,,,
2025-10-17 12:00:00+00:00,12,17,10,2025,4,0.0,autumn,28.9,29.2,23.9,35.2,1012.0,43.0,10000.0,14.1,306,0,Clear,open-meteo historical data,,,11.300000000000004,175.0,163.73,0.02,0.29,117.29,2.37,52.32,133.47,0.06,0.392,0.31,Poor,33.33,72.79,,,,,,,,,,,,,,,,,
2025-10-18 12:00:00+00:00,12,18,10,2025,5,1.0,autumn,28.3,30.2,23.3,35.2,1010.9,58.0,10000.0,14.8,297,2,Clear,open-meteo historical data,,,11.900000000000002,125.0,134.02,0.01,0.11,96.87,0.98,38.77,86.14,0.0,0.45,0.12,Moderate,0.0,28.04,,,,,,,,,,,,,,,,,
2025-10-19 12:00:00+00:00,12,19,10,2025,6,1.0,autumn,28.9,29.6,24.2,35.3,1009.7,48.0,10000.0,13.5,308,0,Clear,open-meteo historical data,,,11.099999999999998,125.0,120.72,0.01,0.09,81.5,0.5,34.55,93.44,0.0,0.37,0.1,Moderate,0.0,14.1,,,,,,,,,,,,,,,,,
2025-10-20 12:00:00+00:00,12,20,10,2025,0,0.0,autumn,29.3,29.2,24.4,36.1,1009.8,41.0,10000.0,14.8,319,0,Clear,open-meteo historical data,,,11.700000000000005,125.0,132.79,0.01,0.2,97.07,0.71,30.28,74.16,0.01,0.408,0.21,Moderate,0.0,0.0,,,,,,,,,,,,,,,,,
1763121600,12,14,11,2025,4,,,23.8,24.1,18.9,29.8,1016.6,58.0,10000.0,13.6,310,0,Clear,open-meteo historical data,,,,,,,,,,,,,,,,,,4.0,166.63,0.01,0.47,141.35,7.78,41.32,79.33,0.0,0.521,0.48,Poor,0.0,0.0,2025-11-14T12:00:00Z,24.8607,67.0011
1763121600,12,14,11,2025,4,,,23.8,24.1,18.9,29.8,1016.6,58.0,10000.0,13.6,310,0,Clear,open-meteo historical data,,,,,,,,,,,,,,,,,,4.0,166.63,0.01,0.47,141.35,7.78,41.32,79.33,0.0,0.521,0.48,Poor,0.0,0.0,2025-11-14T12:00:00Z,24.8607,67.0011
